order_id,customer_id,product_id,quantity,price,order_date,shipping_address,payment_method,status,tracking_number
1,1,1,22,704.07,5/25/2021,0 Corscot Court,credit card,delivered,5924572613
2,2,2,42,583.11,4/12/2020,4 Mitchell Place,PayPal,pending,3251801051
3,3,3,86,972.64,11/19/2021,8155 Prairie Rose Lane,credit card,pending,3058046153
4,4,4,27,223.05,4/4/2022,7 Bonner Way,credit card,delivered,2684587786
5,5,5,52,326.0,6/23/2021,71 Mariners Cove Crossing,PayPal,delivered,4543583027
6,6,6,55,727.98,7/21/2020,5946 Loeprich Terrace,credit card,delivered,2107490335
7,7,7,7,490.48,2/3/2021,2 American Ash Court,PayPal,shipped,1282163270
8,8,8,15,730.65,1/1/2020,5854 Brickson Park Junction,credit card,delivered,6404383441
9,9,9,19,361.19,4/29/2020,932 Schiller Hill,debit card,pending,1359129987
10,10,10,77,320.57,1/26/2021,3 Ohio Crossing,debit card,shipped,2661968238
11,11,11,79,67.75,3/23/2021,910 Petterle Lane,credit card,processing,3763409700
12,12,12,100,864.2,3/24/2020,237 Meadow Vale Park,debit card,processing,1068153284
13,13,13,42,708.56,3/20/2020,85440 Darwin Road,PayPal,shipped,4308786803
14,14,14,33,306.28,7/10/2021,7 Garrison Crossing,credit card,delivered,8272675762
15,15,15,1,665.25,5/14/2021,3719 Morning Court,credit card,delivered,1363761821
16,16,16,75,942.47,7/17/2020,911 Tennessee Circle,PayPal,pending,2666735434
17,17,17,45,966.69,3/3/2021,04 Warrior Court,PayPal,processing,2570516623
18,18,18,1,423.03,1/18/2022,877 Jana Way,credit card,delivered,9164756378
19,19,19,1,688.94,5/22/2021,08 Warrior Parkway,PayPal,processing,3620287796
20,20,20,78,668.9,4/13/2020,97 Orin Pass,credit card,pending,8719183402
21,21,21,21,362.49,7/20/2021,4235 Barnett Drive,credit card,pending,4791144786
22,22,22,84,890.63,10/31/2020,50 Eagan Lane,debit card,delivered,3812278593
23,23,23,79,259.89,4/9/2021,89 Forster Point,PayPal,delivered,3531283290
24,24,24,46,411.36,1/18/2022,09857 Cascade Center,PayPal,pending,6822659303
25,25,25,36,245.44,7/11/2021,0 La Follette Avenue,debit card,pending,8309400349
26,26,26,9,701.09,3/18/2021,313 Karstens Drive,credit card,pending,6232550421
27,27,27,69,908.4,6/14/2020,81149 Boyd Parkway,credit card,delivered,4234399271
28,28,28,22,737.31,8/9/2021,9 Washington Circle,PayPal,pending,4002962794
29,29,29,4,482.56,6/30/2020,980 Gina Park,debit card,shipped,5082849952
30,30,30,21,882.37,1/13/2020,4 Ridgeview Lane,PayPal,pending,1565062047
31,31,31,100,113.21,8/21/2022,91 Old Gate Place,debit card,processing,7347402355
32,32,32,51,636.31,4/18/2020,80751 Harbort Trail,debit card,processing,4501495352
33,33,33,7,729.19,1/6/2021,70570 Harper Terrace,PayPal,shipped,8171095009
34,34,34,36,348.71,1/25/2022,89 Karstens Drive,debit card,pending,8510362320
35,35,35,27,686.87,8/11/2020,31331 Banding Point,debit card,pending,2029428889
36,36,36,30,476.29,12/28/2020,31 Maywood Pass,credit card,delivered,8888928281
37,37,37,13,825.91,6/3/2020,68340 Butterfield Lane,debit card,delivered,2035394151
38,38,38,72,99.09,12/12/2020,80101 Division Circle,credit card,delivered,6823719425
39,39,39,10,481.59,4/5/2020,20 Farwell Hill,credit card,processing,8846993606
40,40,40,83,146.69,9/18/2021,51 Mcbride Place,credit card,processing,5951832983
41,41,41,28,569.95,5/19/2020,5 Hoard Plaza,debit card,pending,8696152068
42,42,42,48,33.37,3/16/2022,3 Delaware Alley,PayPal,delivered,9810194939
43,43,43,35,646.82,3/27/2022,7 Commercial Park,debit card,delivered,2310763714
44,44,44,43,846.7,3/18/2021,9 Kensington Pass,PayPal,pending,3351476167
45,45,45,54,897.22,9/4/2020,55757 Stang Street,PayPal,processing,1759903358
46,46,46,96,377.09,11/30/2020,28 Declaration Crossing,credit card,pending,6074505758
47,47,47,65,981.71,11/23/2022,98 6th Plaza,credit card,processing,6873265438
48,48,48,10,711.34,1/22/2021,128 Pearson Court,credit card,pending,1473976141
49,49,49,33,778.24,1/14/2021,490 Talmadge Circle,PayPal,pending,4772670519
50,50,50,67,44.06,1/2/2022,73840 Anhalt Terrace,credit card,shipped,1330749454
51,51,51,62,860.63,9/13/2021,9 Helena Way,PayPal,processing,7594726717
52,52,52,53,471.52,1/3/2022,23 Huxley Parkway,debit card,pending,2994032201
53,53,53,95,365.15,6/27/2022,0948 Hallows Circle,credit card,processing,3941335845
54,54,54,27,516.16,7/9/2020,02 Debs Parkway,debit card,delivered,5369680207
55,55,55,36,219.28,8/6/2020,80925 Golf Course Court,debit card,delivered,8776210485
56,56,56,58,461.15,12/19/2020,2 Farragut Junction,PayPal,processing,8694207213
57,57,57,21,943.36,3/2/2020,45689 Weeping Birch Trail,PayPal,delivered,3461531109
58,58,58,49,473.95,6/13/2020,0 Waxwing Street,PayPal,processing,6203178960
59,59,59,80,438.08,3/11/2022,0410 Moland Parkway,credit card,delivered,6980347550
60,60,60,28,632.92,12/2/2021,21557 Waxwing Alley,debit card,pending,2595361942
61,61,61,58,658.81,3/27/2020,38045 School Parkway,debit card,delivered,6135360435
62,62,62,37,691.06,7/29/2022,68747 Lukken Point,credit card,shipped,1483032509
63,63,63,21,668.69,5/13/2020,3855 Wayridge Avenue,credit card,delivered,6231743967
64,64,64,23,2.37,5/10/2022,0207 Lighthouse Bay Road,PayPal,delivered,9226475638
65,65,65,62,983.04,9/11/2022,3 Marcy Court,PayPal,delivered,8072962540
66,66,66,72,296.62,4/10/2020,1084 Pennsylvania Plaza,credit card,processing,3883032363
67,67,67,90,59.93,11/11/2022,1417 Lindbergh Place,PayPal,processing,8030261714
68,68,68,13,105.17,1/7/2022,644 Wayridge Parkway,PayPal,delivered,4119383311
69,69,69,15,335.7,4/1/2021,2 Buell Terrace,credit card,delivered,5646387442
70,70,70,98,104.81,7/30/2021,0 Clyde Gallagher Terrace,debit card,processing,2885896133
71,71,71,38,231.5,3/11/2020,32 Washington Circle,debit card,processing,9739966390
72,72,72,62,415.96,12/23/2020,16795 Tennyson Point,PayPal,pending,4797382600
73,73,73,50,201.08,4/11/2020,149 Straubel Crossing,credit card,delivered,2229342707
74,74,74,69,620.61,6/20/2022,60856 Bunker Hill Plaza,credit card,processing,5536160675
75,75,75,93,349.45,7/15/2021,251 Washington Avenue,PayPal,shipped,4194452833
76,76,76,98,320.12,12/24/2020,9420 Michigan Road,credit card,processing,3776343057
77,77,77,14,779.29,6/20/2022,2 Park Meadow Place,credit card,delivered,3660131452
78,78,78,66,964.64,7/28/2020,71 Gateway Point,PayPal,pending,4236293047
79,79,79,18,475.9,8/29/2020,193 Hoard Place,debit card,shipped,3136673782
80,80,80,32,845.08,12/28/2021,90 Redwing Center,PayPal,pending,2089142497
81,81,81,100,756.14,5/15/2021,6 Moose Circle,debit card,delivered,8793619674
82,82,82,46,735.4,9/4/2021,5 Russell Center,debit card,processing,7025293754
83,83,83,54,264.32,8/31/2020,4865 Crest Line Terrace,credit card,delivered,1926856693
84,84,84,97,221.64,5/5/2020,95806 Holmberg Junction,credit card,shipped,7698061850
85,85,85,30,946.1,7/17/2021,52 Chinook Circle,debit card,pending,5157013729
86,86,86,74,222.2,9/27/2022,9147 Fairfield Point,debit card,processing,9734371432
87,87,87,77,254.61,5/3/2020,38 Hoffman Point,credit card,delivered,6285943737
88,88,88,87,235.47,10/24/2021,930 Sunnyside Street,credit card,processing,9358248677
89,89,89,77,291.65,4/5/2022,7923 Carioca Trail,debit card,delivered,3443752410
90,90,90,5,863.31,11/6/2022,9 Morningstar Point,debit card,delivered,5374103543
91,91,91,84,726.56,12/21/2022,24492 Jana Point,debit card,processing,2718499468
92,92,92,57,200.13,7/27/2020,16 Toban Avenue,debit card,shipped,9586003094
93,93,93,43,685.13,9/24/2022,2669 Mockingbird Terrace,credit card,shipped,5277268985
94,94,94,85,571.35,7/22/2022,059 Mockingbird Circle,debit card,processing,4240342304
95,95,95,51,951.59,3/8/2021,6654 Hazelcrest Avenue,credit card,pending,9985938003
96,96,96,48,204.89,10/10/2022,7021 Summerview Drive,debit card,processing,7142695991
97,97,97,43,337.09,11/14/2021,849 Amoth Way,PayPal,delivered,9892395474
98,98,98,97,404.38,5/5/2021,49 Monica Way,credit card,pending,8840140654
99,99,99,65,329.21,10/23/2020,392 Rieder Drive,PayPal,shipped,1359837661
100,100,100,80,596.41,11/22/2022,148 Fordem Street,PayPal,processing,9784015163
101,101,101,75,644.69,5/9/2021,9 Daystar Alley,debit card,pending,5136627224
102,102,102,30,644.96,12/4/2022,76 Prairieview Alley,debit card,delivered,5859699159
103,103,103,70,273.78,5/15/2020,8000 Crest Line Court,PayPal,pending,1388788659
104,104,104,65,331.8,4/19/2021,3 Talmadge Crossing,credit card,pending,2091495815
105,105,105,82,699.53,11/8/2022,549 Maryland Hill,debit card,pending,9459011128
106,106,106,19,143.97,10/13/2020,8881 Clemons Crossing,credit card,processing,9564775646
107,107,107,37,484.48,11/29/2022,49108 Hermina Alley,credit card,shipped,5707906740
108,108,108,22,82.8,5/18/2022,5 Northport Trail,credit card,pending,4005842875
109,109,109,26,354.96,8/16/2021,459 Ronald Regan Crossing,PayPal,shipped,4401770420
110,110,110,80,538.61,11/3/2021,2109 Rigney Court,credit card,shipped,8993121758
111,111,111,28,173.47,12/21/2022,61291 Dwight Trail,credit card,pending,1740226517
112,112,112,8,419.0,12/13/2021,554 Scoville Terrace,PayPal,delivered,2116853732
113,113,113,27,76.35,1/30/2022,57640 Longview Plaza,credit card,delivered,6584574449
114,114,114,18,888.84,5/30/2020,0467 6th Park,PayPal,shipped,3481266015
115,115,115,95,103.64,7/23/2021,3667 Dexter Park,PayPal,pending,9685491119
116,116,116,96,985.63,1/6/2021,3 Superior Drive,credit card,delivered,7537707995
117,117,117,58,792.01,11/6/2020,89935 Carberry Place,debit card,pending,6529368186
118,118,118,70,425.63,3/22/2021,61146 Bayside Crossing,debit card,shipped,3964492590
119,119,119,84,593.9,8/26/2020,9 Holmberg Pass,PayPal,pending,9521828783
120,120,120,55,777.71,7/21/2021,02823 Basil Place,PayPal,pending,4151806613
121,121,121,7,814.95,8/16/2021,823 Hauk Drive,credit card,shipped,2573997354
122,122,122,11,680.24,7/1/2022,43009 Maryland Drive,debit card,shipped,1329306393
123,123,123,3,41.16,3/25/2022,3 Bunting Terrace,debit card,processing,7661584881
124,124,124,85,343.08,10/5/2021,393 Harper Drive,PayPal,processing,8431820126
125,125,125,2,505.27,2/7/2021,3642 Scoville Parkway,PayPal,processing,7068996357
126,126,126,91,689.64,10/14/2022,38031 Stone Corner Trail,credit card,shipped,1367890246
127,127,127,13,270.58,7/26/2021,40 Maywood Parkway,credit card,delivered,4927956923
128,128,128,38,353.66,2/24/2022,86324 Carberry Circle,debit card,pending,3717404853
129,129,129,38,273.53,5/23/2021,370 Merrick Circle,debit card,processing,7572933730
130,130,130,83,231.03,11/6/2020,49 Lighthouse Bay Alley,credit card,shipped,2849068892
131,131,131,48,775.06,1/19/2022,51 Sloan Pass,PayPal,shipped,9976375124
132,132,132,66,471.37,2/2/2021,4094 Pepper Wood Point,debit card,pending,7076385333
133,133,133,24,368.3,2/19/2022,04 La Follette Drive,debit card,pending,2862276602
134,134,134,12,329.78,12/15/2022,93 Helena Lane,debit card,pending,1434366738
135,135,135,38,761.66,4/28/2022,26 Magdeline Trail,debit card,processing,5414449648
136,136,136,21,802.81,3/18/2020,09216 Manufacturers Street,credit card,shipped,7261777389
137,137,137,65,451.13,7/20/2022,72 Thompson Circle,debit card,delivered,3295569674
138,138,138,59,768.89,1/11/2020,05 Bartillon Plaza,PayPal,delivered,7501785477
139,139,139,17,270.09,8/23/2021,9406 Mandrake Hill,credit card,shipped,1150903236
140,140,140,51,649.26,10/24/2020,671 Leroy Circle,PayPal,processing,9866210687
141,141,141,4,602.34,1/16/2021,13108 Lukken Park,credit card,pending,6577410714
142,142,142,86,96.2,2/3/2022,475 Grasskamp Plaza,PayPal,processing,4972798991
143,143,143,29,192.73,8/18/2021,6 Old Shore Crossing,PayPal,processing,1435061215
144,144,144,8,213.82,12/14/2020,44277 Darwin Crossing,debit card,delivered,5563560834
145,145,145,2,440.8,12/13/2021,4056 Transport Court,debit card,delivered,1028395564
146,146,146,28,601.14,4/10/2021,2 Norway Maple Terrace,debit card,processing,8756267324
147,147,147,1,399.9,2/12/2022,3 Mcguire Center,debit card,processing,5566584390
148,148,148,31,261.56,9/30/2020,367 Nancy Center,debit card,shipped,3978069282
149,149,149,72,270.28,7/14/2022,328 Hoepker Trail,credit card,delivered,5521238408
150,150,150,70,444.16,8/4/2020,9 Sheridan Street,PayPal,pending,4391329736
151,151,151,52,157.31,10/24/2020,823 Anhalt Road,PayPal,processing,3813446673
152,152,152,86,302.68,11/23/2021,4451 4th Pass,debit card,processing,5097354313
153,153,153,9,931.09,3/29/2020,11654 Waubesa Drive,credit card,processing,6644822003
154,154,154,76,153.31,5/31/2020,15 Hallows Center,PayPal,delivered,5957216194
155,155,155,51,733.75,12/11/2022,4014 Erie Street,debit card,shipped,7823833262
156,156,156,61,651.28,5/24/2022,299 Lien Lane,debit card,processing,7827834769
157,157,157,28,925.79,4/20/2022,272 Waywood Parkway,credit card,pending,3051508921
158,158,158,97,911.44,1/4/2020,27 Bowman Place,debit card,processing,7042024642
159,159,159,88,844.74,4/26/2020,04620 Thompson Trail,debit card,shipped,9813275948
160,160,160,39,237.05,6/10/2022,995 Hoard Drive,debit card,processing,7381761615
161,161,161,33,192.33,6/2/2022,883 Glendale Avenue,debit card,delivered,3914618068
162,162,162,10,687.4,7/8/2021,027 Surrey Junction,credit card,shipped,1738269756
163,163,163,69,850.69,10/15/2022,91277 Welch Plaza,credit card,pending,6633465287
164,164,164,7,85.12,7/1/2020,0 Kings Avenue,debit card,delivered,9775691379
165,165,165,80,534.79,6/3/2020,73644 Red Cloud Hill,PayPal,shipped,5072549349
166,166,166,34,189.03,1/30/2022,983 Harper Circle,credit card,processing,3596657332
167,167,167,21,92.12,4/19/2021,65221 Armistice Center,debit card,shipped,3351180057
168,168,168,10,805.31,4/18/2021,44 6th Avenue,credit card,delivered,1244383553
169,169,169,22,885.39,7/24/2021,633 North Junction,credit card,processing,7087811002
170,170,170,2,647.01,6/4/2022,65 Express Lane,credit card,pending,6517611994
171,171,171,2,51.88,4/6/2020,14312 Mariners Cove Way,credit card,pending,1903682957
172,172,172,72,153.79,7/1/2022,1981 Laurel Court,PayPal,delivered,8661210282
173,173,173,26,232.13,4/3/2020,339 Sloan Circle,PayPal,processing,9196425673
174,174,174,15,792.71,11/22/2022,700 Eagle Crest Trail,credit card,pending,1175768845
175,175,175,31,780.11,6/4/2022,0688 Miller Alley,PayPal,pending,5194455466
176,176,176,13,936.31,7/20/2022,9 Monument Court,credit card,pending,3877956152
177,177,177,30,540.15,1/10/2022,2 Debra Court,credit card,delivered,7460824846
178,178,178,38,191.53,10/9/2022,051 Brown Court,debit card,shipped,9042487345
179,179,179,52,402.56,5/26/2021,83 5th Pass,PayPal,processing,2643669292
180,180,180,39,462.28,11/12/2022,650 Kensington Circle,credit card,delivered,9396612656
181,181,181,66,750.24,6/30/2022,4 Glacier Hill Way,debit card,processing,5537388682
182,182,182,61,12.49,5/13/2021,13 Rusk Drive,PayPal,shipped,7406057161
183,183,183,70,474.11,6/22/2020,5 Grover Alley,credit card,pending,3126707902
184,184,184,31,503.13,9/2/2022,62860 Mesta Trail,credit card,processing,8373157650
185,185,185,95,880.8,1/31/2021,951 Leroy Hill,credit card,processing,3028729104
186,186,186,76,300.11,1/27/2022,9 Sheridan Alley,credit card,shipped,4859399460
187,187,187,1,654.72,8/5/2021,976 Helena Lane,PayPal,processing,1755853871
188,188,188,53,837.96,7/14/2020,5 Brentwood Point,PayPal,processing,1809987414
189,189,189,19,571.72,5/5/2022,0513 Mayer Drive,PayPal,pending,1011313446
190,190,190,34,532.58,11/11/2020,16837 Delaware Plaza,PayPal,shipped,4623561209
191,191,191,21,805.89,5/2/2021,375 Graedel Lane,PayPal,delivered,3819462889
192,192,192,2,10.45,1/27/2021,0179 Pepper Wood Trail,credit card,delivered,9559298654
193,193,193,61,390.67,2/25/2020,6370 Dunning Avenue,debit card,processing,3333183421
194,194,194,52,858.09,7/13/2021,54387 8th Terrace,debit card,pending,1910156871
195,195,195,42,177.94,12/26/2022,29 Elka Terrace,credit card,delivered,9445348558
196,196,196,51,266.45,1/13/2022,927 Oakridge Court,credit card,shipped,5407146723
197,197,197,47,377.92,6/2/2020,062 Sycamore Lane,PayPal,processing,9145489877
198,198,198,66,786.98,10/25/2021,7 Steensland Point,PayPal,shipped,9979323020
199,199,199,47,493.33,5/4/2021,007 Sheridan Plaza,credit card,processing,5581056774
200,200,200,86,716.21,2/21/2020,47277 Crowley Street,credit card,shipped,6645958058
201,201,201,47,752.23,4/21/2022,4 Butterfield Parkway,PayPal,processing,7883749171
202,202,202,18,768.39,2/6/2020,1919 Scoville Point,debit card,pending,8404741487
203,203,203,56,533.46,8/30/2020,5145 Green Avenue,debit card,shipped,7528708863
204,204,204,20,584.63,5/18/2020,6742 Stang Center,debit card,delivered,4969968618
205,205,205,95,330.08,3/16/2020,21253 Graceland Avenue,credit card,pending,4134675656
206,206,206,2,843.74,7/31/2021,421 Lindbergh Circle,PayPal,processing,3060250548
207,207,207,22,96.01,5/19/2020,76 Shoshone Trail,credit card,shipped,1402968665
208,208,208,43,660.7,2/5/2020,82999 Haas Place,debit card,delivered,6259931692
209,209,209,53,406.74,1/22/2020,62641 Glendale Avenue,credit card,processing,9202675863
210,210,210,59,281.98,11/21/2021,6 Ridgeview Avenue,credit card,processing,3788533951
211,211,211,47,718.72,1/25/2022,95 Pennsylvania Road,debit card,delivered,2646250290
212,212,212,27,992.41,8/10/2022,9 Esker Lane,debit card,pending,3043584179
213,213,213,64,623.48,2/9/2020,3841 Graceland Street,PayPal,delivered,2681431299
214,214,214,100,641.93,1/1/2020,4 Mccormick Street,credit card,pending,3520288876
215,215,215,59,186.4,2/25/2022,681 Menomonie Street,PayPal,processing,5070993581
216,216,216,21,225.63,3/10/2021,41226 Brown Road,debit card,delivered,3792543868
217,217,217,47,665.56,5/26/2021,49709 Barnett Lane,debit card,processing,9542999906
218,218,218,6,537.87,3/22/2020,1419 Elka Way,debit card,pending,4310547787
219,219,219,56,879.52,7/1/2022,09 Darwin Park,debit card,pending,3146900088
220,220,220,73,623.56,6/30/2022,789 Brentwood Street,PayPal,shipped,9379042216
221,221,221,37,390.15,5/5/2022,944 Evergreen Circle,credit card,processing,6083648246
222,222,222,29,531.6,4/25/2022,5 Fremont Crossing,debit card,delivered,5016978611
223,223,223,15,676.61,11/18/2022,7 Portage Crossing,PayPal,delivered,3161437056
224,224,224,45,407.52,3/13/2020,35862 Forest Dale Road,PayPal,processing,1156377187
225,225,225,29,589.59,8/16/2022,83632 Thompson Crossing,credit card,pending,3771691680
226,226,226,59,207.97,3/21/2020,76848 Sherman Center,PayPal,delivered,6383644218
227,227,227,11,672.63,11/16/2020,18 Riverside Parkway,credit card,pending,1527260493
228,228,228,46,337.87,8/1/2022,66 Florence Parkway,credit card,pending,2845985555
229,229,229,76,792.97,2/29/2020,0189 Carberry Terrace,debit card,processing,2454326271
230,230,230,17,903.47,12/5/2021,98680 Forest Run Parkway,PayPal,processing,5708743602
231,231,231,60,11.18,11/10/2020,765 Russell Drive,debit card,delivered,7818801386
232,232,232,21,554.69,10/13/2020,80 Melrose Crossing,debit card,pending,3674743307
233,233,233,58,434.11,2/7/2022,7 Farmco Hill,debit card,processing,7063449662
234,234,234,3,924.27,10/30/2020,05 Montana Parkway,PayPal,shipped,3818119130
235,235,235,1,399.3,12/29/2021,00 Cambridge Crossing,debit card,processing,7455330026
236,236,236,99,267.45,9/1/2020,4 Birchwood Court,credit card,pending,2373204901
237,237,237,37,980.67,6/28/2021,153 Ridgeview Hill,credit card,delivered,7272381043
238,238,238,2,714.57,9/1/2020,43 Comanche Crossing,PayPal,processing,5406892014
239,239,239,49,799.08,1/28/2020,47713 Orin Court,credit card,delivered,6151737310
240,240,240,34,240.52,6/22/2022,29 Starling Point,debit card,delivered,6394412584
241,241,241,68,583.09,12/17/2020,6845 Ridgeview Lane,debit card,processing,2766321765
242,242,242,36,316.61,4/25/2021,0314 Florence Circle,credit card,shipped,1852297558
243,243,243,56,560.64,10/6/2020,788 Debra Terrace,PayPal,delivered,7435591442
244,244,244,30,954.15,3/31/2021,16606 Carioca Trail,PayPal,pending,2394477785
245,245,245,18,93.89,7/22/2022,04524 Arrowood Place,PayPal,pending,4324588631
246,246,246,6,981.42,4/23/2021,23 Basil Park,PayPal,delivered,1675633580
247,247,247,9,165.76,8/15/2020,76655 Mallard Avenue,credit card,delivered,2134345623
248,248,248,9,791.0,3/13/2020,09 Debra Avenue,PayPal,pending,6181830157
249,249,249,100,866.64,4/15/2020,324 Burrows Place,debit card,shipped,9430274304
250,250,250,74,965.13,8/8/2020,52791 Mockingbird Park,PayPal,pending,4657814966
251,251,251,23,59.42,6/22/2020,9169 Coolidge Plaza,PayPal,shipped,7902211266
252,252,252,35,563.28,11/5/2022,024 Bashford Lane,credit card,delivered,2181042600
253,253,253,67,202.85,11/7/2021,8559 Thackeray Circle,debit card,shipped,8583184733
254,254,254,23,19.14,5/24/2022,98 Melody Junction,credit card,delivered,4680119039
255,255,255,82,839.95,4/17/2022,0 Linden Way,PayPal,shipped,7765389896
256,256,256,89,823.45,3/31/2022,9976 Dottie Alley,debit card,shipped,3139984094
257,257,257,97,515.16,6/30/2022,4 Toban Place,debit card,delivered,1631947388
258,258,258,54,363.77,12/11/2022,8489 Bayside Road,credit card,shipped,6297733439
259,259,259,52,322.33,2/14/2020,32239 Loeprich Avenue,credit card,delivered,1375253384
260,260,260,24,687.23,11/29/2022,849 Summit Parkway,debit card,shipped,7869988038
261,261,261,79,710.06,12/9/2022,174 Schlimgen Place,PayPal,pending,7233220113
262,262,262,44,49.86,1/1/2020,56 Warbler Place,PayPal,delivered,6301315327
263,263,263,5,450.22,2/17/2021,93 Brentwood Hill,credit card,processing,9896727356
264,264,264,31,981.34,4/11/2021,3 John Wall Place,debit card,delivered,2495856261
265,265,265,98,590.53,6/18/2020,38 Bunting Road,credit card,processing,3479630122
266,266,266,95,657.01,5/9/2020,33382 Canary Street,PayPal,processing,6506721561
267,267,267,3,445.39,1/3/2020,5 Heffernan Court,debit card,pending,2588286069
268,268,268,55,73.88,9/21/2021,9907 David Street,credit card,processing,5528957611
269,269,269,96,887.89,6/17/2020,4 Nova Street,debit card,shipped,7124395109
270,270,270,74,163.5,12/14/2020,33535 Myrtle Lane,PayPal,pending,7372874778
271,271,271,47,487.87,2/27/2022,0 Armistice Park,PayPal,processing,4657660655
272,272,272,51,391.74,2/9/2020,30912 Main Hill,credit card,delivered,5578803213
273,273,273,92,789.33,11/12/2021,4755 Arrowood Pass,credit card,delivered,9676665693
274,274,274,71,222.15,4/1/2020,228 Prairieview Trail,credit card,delivered,2818490536
275,275,275,89,749.34,8/12/2021,37888 Donald Street,debit card,delivered,9872567959
276,276,276,56,674.55,7/23/2020,275 Village Green Alley,PayPal,processing,1195802863
277,277,277,40,86.29,10/12/2021,768 Haas Hill,credit card,pending,7500878819
278,278,278,27,615.13,9/19/2021,78680 Huxley Pass,debit card,processing,9012596296
279,279,279,24,323.5,5/12/2022,8293 Derek Road,credit card,shipped,4045904504
280,280,280,92,142.58,11/16/2022,6 Londonderry Pass,PayPal,shipped,1556404591
281,281,281,68,10.1,5/29/2020,73 Badeau Pass,PayPal,pending,1815868699
282,282,282,2,5.32,11/7/2020,82 Jay Avenue,debit card,pending,3493640858
283,283,283,30,551.37,3/18/2022,13 Cody Lane,debit card,delivered,9219362889
284,284,284,32,674.71,2/3/2021,43 Esker Crossing,debit card,processing,9361703026
285,285,285,64,395.57,3/16/2021,4975 Toban Place,debit card,pending,6047494294
286,286,286,91,113.71,12/6/2020,9 Badeau Place,debit card,shipped,6011971385
287,287,287,55,96.15,7/12/2022,566 Westerfield Place,PayPal,pending,4684969280
288,288,288,64,875.18,7/28/2022,0692 Hazelcrest Way,debit card,delivered,7367723140
289,289,289,75,175.59,3/8/2022,34735 Victoria Place,credit card,delivered,7527225892
290,290,290,12,727.76,11/14/2020,95858 Farragut Way,debit card,shipped,7403518125
291,291,291,88,218.1,7/20/2021,7688 Homewood Place,PayPal,processing,4358140449
292,292,292,64,975.54,9/21/2022,03 Kennedy Road,debit card,processing,1327322835
293,293,293,80,328.03,9/8/2020,06445 Beilfuss Junction,debit card,delivered,3310345358
294,294,294,46,474.6,9/3/2021,2 Monterey Pass,debit card,shipped,6027638809
295,295,295,83,670.56,1/20/2022,3 Summit Place,PayPal,pending,2540420294
296,296,296,35,672.51,10/21/2022,518 Jay Crossing,PayPal,pending,4641748617
297,297,297,47,775.88,7/20/2022,0 Fairview Road,credit card,processing,9449733080
298,298,298,41,120.47,6/7/2021,5119 Manley Crossing,credit card,delivered,9022451842
299,299,299,11,291.83,6/18/2020,95240 Springs Avenue,credit card,shipped,2953176233
300,300,300,12,736.71,7/29/2020,8917 Mitchell Avenue,PayPal,shipped,4925336053
301,301,301,70,667.83,12/9/2020,315 Basil Pass,credit card,shipped,6777466623
302,302,302,69,76.99,2/27/2020,73 Sunfield Parkway,PayPal,delivered,4753741737
303,303,303,87,467.26,10/30/2020,2767 Ryan Road,credit card,shipped,8704535266
304,304,304,17,710.93,11/17/2022,557 Prairie Rose Circle,PayPal,delivered,6949134943
305,305,305,12,765.04,11/21/2021,02768 Claremont Junction,credit card,shipped,8922557452
306,306,306,52,933.78,6/29/2021,27427 Rieder Circle,debit card,processing,6196269766
307,307,307,37,166.05,3/17/2022,1 Redwing Parkway,credit card,processing,8074033971
308,308,308,45,592.53,1/14/2020,2643 Springs Court,credit card,shipped,3808150280
309,309,309,92,837.62,3/22/2022,092 Magdeline Lane,PayPal,delivered,8530357743
310,310,310,97,419.89,12/3/2022,55 Everett Trail,debit card,processing,9124269456
311,311,311,30,199.0,1/7/2022,64 Jay Circle,debit card,shipped,7509053435
312,312,312,26,987.9,11/11/2021,4 Holy Cross Park,debit card,pending,5737150767
313,313,313,99,486.73,9/10/2022,74 Lake View Street,debit card,delivered,5234356407
314,314,314,35,857.53,9/8/2020,81257 Autumn Leaf Junction,debit card,shipped,7431623515
315,315,315,24,32.02,5/17/2022,435 Debs Point,debit card,shipped,7168241810
316,316,316,39,323.39,2/17/2021,3 Meadow Vale Court,credit card,pending,2048657407
317,317,317,34,176.05,9/8/2022,2 Grasskamp Point,credit card,processing,2552307533
318,318,318,67,520.78,3/28/2020,14 Jana Place,debit card,shipped,7158202188
319,319,319,93,294.55,4/20/2021,35007 Columbus Drive,debit card,processing,5538943583
320,320,320,68,734.34,1/12/2022,2 Crowley Avenue,PayPal,shipped,3552355686
321,321,321,86,73.53,7/19/2021,5689 Northridge Crossing,PayPal,pending,7594890274
322,322,322,38,167.16,6/16/2022,242 Westport Hill,debit card,processing,9542998162
323,323,323,44,615.99,11/19/2020,97069 Lunder Parkway,debit card,delivered,2004986071
324,324,324,72,397.41,1/8/2020,902 Coolidge Trail,credit card,pending,1964491355
325,325,325,67,896.07,2/14/2022,98 Stuart Street,credit card,shipped,6783404664
326,326,326,88,970.38,1/6/2021,492 Bluestem Plaza,debit card,shipped,1664296577
327,327,327,65,29.62,2/4/2020,7 Duke Crossing,debit card,pending,6288948241
328,328,328,40,775.04,6/10/2020,8924 Sage Point,credit card,pending,4203713487
329,329,329,91,343.39,10/4/2020,084 Grim Avenue,debit card,pending,5374641557
330,330,330,97,855.62,6/5/2020,9466 Stang Trail,debit card,shipped,2353960758
331,331,331,94,795.41,6/2/2020,56 Amoth Alley,credit card,shipped,1515404786
332,332,332,50,340.82,1/3/2022,83933 Waxwing Hill,credit card,shipped,3050107089
333,333,333,50,406.47,11/5/2020,1685 Maywood Point,PayPal,pending,7329256465
334,334,334,40,214.55,6/20/2020,11 Hoffman Avenue,credit card,shipped,1829087873
335,335,335,14,522.58,5/30/2021,758 Bunting Drive,credit card,processing,2065768809
336,336,336,66,970.44,3/11/2020,65 Karstens Circle,credit card,pending,9709002515
337,337,337,3,280.36,8/21/2021,01 Brickson Park Road,credit card,shipped,9910133641
338,338,338,43,70.6,9/13/2022,22931 Mccormick Terrace,PayPal,pending,6755610402
339,339,339,68,935.64,6/22/2022,1 Mosinee Parkway,credit card,shipped,8647045360
340,340,340,50,848.8,10/27/2021,967 Crescent Oaks Parkway,PayPal,delivered,8473486412
341,341,341,1,739.73,11/29/2022,6877 Rusk Point,credit card,pending,1770406436
342,342,342,9,348.08,8/6/2021,6013 Sullivan Center,credit card,delivered,9003748220
343,343,343,33,568.41,1/22/2022,0 Oak Place,credit card,pending,5741762146
344,344,344,57,985.25,10/10/2021,46073 Walton Terrace,PayPal,delivered,2666928918
345,345,345,21,320.5,12/11/2021,23 Transport Point,PayPal,shipped,1233706635
346,346,346,34,937.86,3/14/2021,6 Annamark Avenue,PayPal,processing,1850217453
347,347,347,53,647.71,3/1/2020,63479 Cordelia Lane,PayPal,pending,6319068689
348,348,348,31,795.95,8/12/2021,387 Ryan Parkway,PayPal,pending,9347742384
349,349,349,31,187.11,11/4/2021,27 Rieder Place,credit card,processing,8072173922
350,350,350,9,424.36,9/18/2020,4151 Division Center,credit card,pending,6072315857
351,351,351,17,241.62,2/22/2020,1 Butternut Center,credit card,pending,6052923341
352,352,352,20,850.1,10/13/2020,0837 Manufacturers Lane,PayPal,pending,9915698543
353,353,353,79,258.01,11/8/2021,95145 Manley Alley,debit card,delivered,5944469122
354,354,354,55,28.09,8/2/2021,88 Waywood Circle,credit card,shipped,7858437371
355,355,355,59,318.06,9/7/2021,5 Forest Run Circle,debit card,shipped,6390750493
356,356,356,46,768.73,1/18/2021,7537 Banding Way,PayPal,shipped,5357018463
357,357,357,31,661.71,8/9/2022,10572 Iowa Plaza,debit card,shipped,4499379007
358,358,358,70,796.83,3/28/2021,54686 Fallview Alley,PayPal,processing,7389514490
359,359,359,20,576.5,3/5/2020,116 Mccormick Road,PayPal,pending,3844429807
360,360,360,91,866.63,3/8/2022,9 Bultman Trail,debit card,shipped,4510842810
361,361,361,89,587.27,12/28/2022,40693 Eggendart Pass,debit card,pending,3959886986
362,362,362,62,205.73,1/9/2022,14 Sutteridge Point,credit card,pending,5171290441
363,363,363,46,522.4,7/5/2021,353 Lukken Junction,PayPal,pending,9420176087
364,364,364,10,439.42,12/22/2020,59050 Melody Point,PayPal,processing,5268278060
365,365,365,87,283.04,2/3/2020,334 Barnett Hill,credit card,shipped,5643247551
366,366,366,44,72.38,10/26/2022,55 Scofield Parkway,credit card,processing,4676272314
367,367,367,92,759.75,9/7/2021,065 Claremont Pass,credit card,processing,3378956183
368,368,368,87,503.8,3/14/2020,2148 Becker Crossing,credit card,delivered,1657680979
369,369,369,35,374.66,5/12/2021,88132 Fieldstone Road,debit card,shipped,3797909517
370,370,370,83,312.03,5/25/2020,6 Merchant Hill,debit card,pending,7856591266
371,371,371,78,923.47,4/5/2021,31696 Northwestern Point,PayPal,processing,5835887835
372,372,372,55,530.26,3/4/2021,79004 Waxwing Place,credit card,shipped,2513281098
373,373,373,88,861.01,3/24/2022,9145 Dottie Street,debit card,processing,5479167147
374,374,374,79,986.28,5/12/2021,6 Crowley Way,debit card,pending,9304215746
375,375,375,4,71.05,1/30/2020,92437 Melby Lane,debit card,shipped,6080331365
376,376,376,61,784.44,4/3/2020,02 Carpenter Center,debit card,processing,4047466391
377,377,377,52,129.24,7/1/2020,60308 Anthes Crossing,credit card,shipped,7268358073
378,378,378,26,865.69,5/1/2022,2 Utah Drive,debit card,pending,5923359618
379,379,379,46,39.81,5/4/2022,8466 Fieldstone Terrace,PayPal,pending,1979418560
380,380,380,30,970.56,11/6/2021,6336 Fremont Street,credit card,processing,2630551511
381,381,381,79,963.51,6/25/2022,5 Talisman Trail,debit card,delivered,2221765318
382,382,382,4,953.1,4/19/2020,8 Trailsway Hill,credit card,delivered,7585847503
383,383,383,11,494.93,12/25/2020,2457 Delaware Street,PayPal,processing,8884561872
384,384,384,66,212.02,12/8/2021,4815 Shopko Crossing,PayPal,pending,3165268574
385,385,385,41,384.41,7/15/2020,21261 Truax Park,debit card,pending,8395130726
386,386,386,20,101.89,3/18/2020,55957 Hudson Circle,debit card,delivered,5326775420
387,387,387,28,202.45,4/20/2020,805 Del Mar Lane,credit card,delivered,5110010642
388,388,388,56,159.58,2/6/2022,196 Mosinee Junction,debit card,processing,2321569017
389,389,389,6,970.18,6/1/2020,136 Reinke Pass,PayPal,shipped,9677267495
390,390,390,76,670.68,7/12/2021,704 Vidon Terrace,PayPal,pending,9038987654
391,391,391,10,279.15,10/14/2020,610 Mariners Cove Trail,credit card,processing,1967566306
392,392,392,31,582.32,1/19/2021,579 Scoville Road,credit card,shipped,6468073497
393,393,393,1,3.5,11/15/2020,05 Hooker Trail,credit card,delivered,6580566170
394,394,394,41,533.17,1/24/2021,4766 Cordelia Court,credit card,processing,8569022504
395,395,395,16,705.49,3/15/2021,6 Chive Pass,debit card,shipped,2743802804
396,396,396,49,526.98,1/4/2020,4307 Forest Way,PayPal,processing,5448181624
397,397,397,44,813.59,9/22/2021,52469 Bultman Pass,PayPal,processing,8440063408
398,398,398,50,855.0,4/7/2021,8 Esch Circle,PayPal,shipped,5890587989
399,399,399,56,235.29,6/3/2020,7866 Loeprich Circle,credit card,delivered,1900722698
400,400,400,14,777.37,11/8/2020,7577 Clove Junction,credit card,shipped,5476637941
401,401,401,23,825.23,8/14/2021,02 Kingsford Avenue,debit card,processing,7695763260
402,402,402,79,865.15,10/20/2021,9918 John Wall Road,credit card,pending,2197634143
403,403,403,34,446.03,1/31/2022,66 Maywood Center,debit card,pending,1863335915
404,404,404,10,276.06,12/11/2022,84 Laurel Circle,PayPal,processing,9673320167
405,405,405,77,88.25,6/16/2022,31467 Nancy Pass,debit card,delivered,5153780268
406,406,406,23,938.06,3/16/2020,9 Buhler Point,PayPal,delivered,4097351653
407,407,407,15,682.4,8/6/2020,79 Northland Parkway,debit card,shipped,3969271732
408,408,408,92,960.47,5/31/2022,8 Farmco Drive,PayPal,processing,7508113287
409,409,409,88,769.68,5/19/2021,9775 Merrick Street,debit card,pending,6374780159
410,410,410,56,832.61,11/16/2020,3064 Talisman Road,credit card,delivered,2748563367
411,411,411,32,398.74,1/16/2021,2976 Surrey Court,credit card,delivered,5039545973
412,412,412,8,129.11,9/1/2020,35 Corry Trail,credit card,shipped,8801641073
413,413,413,1,273.61,10/22/2021,67 Kingsford Terrace,PayPal,shipped,5693222315
414,414,414,84,756.07,9/11/2020,7724 Sachtjen Circle,debit card,processing,9825124692
415,415,415,47,836.12,9/21/2021,0 Novick Parkway,credit card,processing,8172922587
416,416,416,81,706.76,3/23/2021,30960 Dakota Court,credit card,shipped,6343856419
417,417,417,30,106.61,6/27/2022,313 Southridge Road,debit card,processing,9416436617
418,418,418,93,555.53,10/8/2021,929 Anderson Road,PayPal,delivered,7762991689
419,419,419,2,21.69,2/21/2022,6040 Shasta Parkway,PayPal,shipped,1727329956
420,420,420,46,887.37,9/24/2022,873 Eagle Crest Crossing,debit card,delivered,1038298078
421,421,421,58,325.5,8/20/2022,3 Haas Hill,PayPal,processing,4624824102
422,422,422,43,973.73,8/28/2022,2 Arapahoe Park,debit card,delivered,6607502455
423,423,423,88,19.12,12/7/2020,0 Oak Trail,debit card,delivered,8802641146
424,424,424,48,507.82,11/29/2020,15359 Jana Point,PayPal,shipped,1474027560
425,425,425,9,577.66,4/14/2020,0 Loeprich Way,credit card,pending,6244720180
426,426,426,26,484.23,2/21/2021,47 Pine View Way,PayPal,pending,2822095273
427,427,427,69,551.8,4/9/2020,13 Atwood Street,debit card,pending,9015589839
428,428,428,95,900.69,7/21/2021,451 Prairieview Plaza,debit card,processing,6715374580
429,429,429,51,67.23,10/22/2021,99 Rusk Plaza,PayPal,processing,1849212796
430,430,430,34,290.25,3/1/2022,49 Bayside Terrace,PayPal,shipped,3637510179
431,431,431,31,949.35,11/12/2022,382 Red Cloud Pass,PayPal,processing,6656822960
432,432,432,28,894.92,12/15/2020,16 Springs Plaza,debit card,pending,3877198347
433,433,433,64,367.71,11/3/2021,02598 Hauk Trail,debit card,shipped,5585273927
434,434,434,40,619.01,12/3/2020,87 Golf Road,debit card,shipped,8438329116
435,435,435,99,782.37,2/4/2020,284 Merry Plaza,credit card,processing,7298334589
436,436,436,60,645.27,3/21/2021,9749 Almo Hill,PayPal,processing,5519685258
437,437,437,24,338.94,3/14/2020,7936 Hauk Trail,debit card,processing,7849379694
438,438,438,25,505.29,9/9/2022,3 Buhler Plaza,PayPal,delivered,2068992599
439,439,439,70,128.96,12/3/2020,6250 Corben Place,credit card,processing,7367957707
440,440,440,3,147.34,8/3/2022,753 Hoepker Drive,debit card,shipped,9910624783
441,441,441,76,755.86,4/12/2022,3 Lake View Alley,PayPal,delivered,8445544747
442,442,442,4,751.56,4/16/2020,0 Amoth Center,PayPal,delivered,2590413982
443,443,443,79,926.9,12/15/2022,66997 Nancy Crossing,debit card,pending,1870968742
444,444,444,98,175.19,7/22/2020,4041 Shopko Crossing,debit card,processing,4635746023
445,445,445,52,207.01,5/15/2021,30256 Butternut Place,debit card,delivered,4813299925
446,446,446,2,910.5,5/13/2021,6 Burning Wood Plaza,PayPal,processing,2365159840
447,447,447,12,758.92,7/24/2020,9222 Trailsway Court,debit card,shipped,2259646677
448,448,448,83,534.32,12/15/2021,88 Springs Court,debit card,processing,6083202633
449,449,449,62,600.0,8/4/2020,70 4th Hill,PayPal,delivered,4679029610
450,450,450,53,939.81,11/20/2021,436 Butterfield Trail,credit card,pending,2082959454
451,451,451,30,707.71,4/19/2020,09311 Elgar Center,credit card,delivered,7477020603
452,452,452,30,488.47,2/23/2022,26 Magdeline Trail,credit card,pending,1222727652
453,453,453,20,147.38,10/21/2021,73 Barby Junction,credit card,pending,6446946334
454,454,454,52,128.64,1/20/2021,7875 Mandrake Lane,PayPal,shipped,4099169039
455,455,455,99,101.51,6/4/2021,0765 Sullivan Plaza,PayPal,shipped,6520204309
456,456,456,86,126.71,1/19/2021,6061 Carioca Pass,credit card,shipped,6215099494
457,457,457,28,368.52,12/2/2020,5 Oak Road,credit card,processing,5472843566
458,458,458,17,899.11,2/7/2020,468 Northfield Drive,PayPal,pending,7037107653
459,459,459,67,683.42,9/24/2020,6 Schiller Pass,debit card,pending,6560594054
460,460,460,95,21.64,9/7/2020,67378 Butterfield Point,credit card,processing,9777134368
461,461,461,86,150.61,8/28/2021,8 Talmadge Hill,credit card,pending,3043164180
462,462,462,39,13.03,7/11/2020,16043 Stuart Lane,PayPal,shipped,7788208537
463,463,463,34,627.3,1/3/2022,453 Ohio Pass,debit card,processing,1742025772
464,464,464,8,792.28,10/23/2021,68 Debra Crossing,debit card,delivered,9821710219
465,465,465,68,734.88,5/15/2022,4294 Dahle Circle,credit card,processing,3107980983
466,466,466,61,479.54,1/4/2020,07 Coleman Avenue,credit card,processing,3517473203
467,467,467,63,402.35,5/24/2020,12357 Thackeray Street,debit card,pending,9875472896
468,468,468,6,426.8,3/26/2020,0617 Lakewood Park,credit card,pending,7239946358
469,469,469,14,100.64,5/1/2020,466 Armistice Parkway,debit card,shipped,1599952117
470,470,470,28,619.59,6/6/2021,322 Atwood Lane,PayPal,shipped,9632397890
471,471,471,30,503.36,2/7/2020,99088 Heffernan Point,PayPal,delivered,4443214389
472,472,472,13,154.8,9/16/2020,70185 Bellgrove Lane,debit card,delivered,4629189940
473,473,473,1,170.32,3/18/2021,430 Crownhardt Plaza,credit card,pending,7750103307
474,474,474,89,178.02,11/18/2022,36 Rockefeller Crossing,credit card,processing,2990060291
475,475,475,82,632.49,1/19/2020,2545 Nancy Lane,credit card,pending,6086573249
476,476,476,21,166.35,8/25/2021,4 8th Pass,credit card,delivered,6757813377
477,477,477,35,950.54,3/30/2022,8568 Logan Pass,credit card,shipped,5659987628
478,478,478,32,196.69,1/6/2021,73 Mendota Terrace,debit card,shipped,4981312160
479,479,479,37,702.96,1/29/2021,26074 Acker Trail,credit card,shipped,8484155625
480,480,480,1,870.14,10/10/2022,8374 Basil Plaza,debit card,shipped,1578944186
481,481,481,14,71.17,6/20/2021,99586 Kings Center,PayPal,delivered,6815174617
482,482,482,54,57.47,7/11/2022,291 Kensington Street,debit card,shipped,1867458059
483,483,483,70,17.44,8/22/2022,18217 Springs Avenue,debit card,pending,5572794254
484,484,484,22,705.23,6/29/2021,7 Johnson Avenue,debit card,pending,6651540421
485,485,485,51,917.57,6/25/2021,9 Acker Point,debit card,delivered,5691910414
486,486,486,33,360.21,6/14/2021,5 Sauthoff Avenue,credit card,pending,2626708022
487,487,487,92,312.15,12/20/2020,6 Pepper Wood Alley,debit card,delivered,7606938691
488,488,488,40,311.47,5/17/2022,9 Talisman Road,PayPal,delivered,6208578119
489,489,489,37,566.69,11/11/2020,85 Rusk Trail,debit card,processing,1565057096
490,490,490,94,744.01,9/29/2020,8749 Almo Lane,debit card,shipped,6531553942
491,491,491,10,851.69,7/1/2020,1308 Vernon Court,debit card,pending,1965136495
492,492,492,14,82.37,2/21/2021,1411 Northport Court,credit card,processing,2567977293
493,493,493,68,907.83,11/10/2022,66 Bartillon Parkway,debit card,shipped,4890814636
494,494,494,83,441.49,2/27/2021,182 Golden Leaf Drive,debit card,pending,6747509523
495,495,495,51,729.44,10/20/2020,85 Vernon Park,credit card,pending,8413500159
496,496,496,89,309.33,6/15/2020,4287 Pepper Wood Pass,credit card,shipped,7152359634
497,497,497,86,161.45,12/17/2020,8 Stephen Hill,credit card,delivered,2168821174
498,498,498,58,345.39,8/31/2020,33860 Bay Court,debit card,processing,1658803291
499,499,499,39,971.67,1/14/2020,3055 Barnett Lane,PayPal,delivered,9462569811
500,500,500,9,111.28,5/17/2020,7313 Fairview Drive,PayPal,shipped,2766495523
501,501,501,21,663.46,8/7/2022,68031 Old Gate Alley,credit card,delivered,9365826795
502,502,502,20,332.96,3/12/2022,43 Blue Bill Park Pass,debit card,pending,7939636757
503,503,503,40,268.75,7/19/2021,3591 Iowa Street,debit card,delivered,7489123246
504,504,504,96,516.13,9/27/2022,3 1st Road,debit card,shipped,8870293829
505,505,505,92,891.33,1/21/2020,2914 Linden Avenue,debit card,shipped,6987964800
506,506,506,35,220.63,4/23/2022,1304 Katie Street,debit card,shipped,3356508569
507,507,507,45,594.66,5/12/2020,3467 Dunning Drive,debit card,delivered,4551812437
508,508,508,2,869.19,3/7/2021,136 Buell Road,PayPal,shipped,9117101331
509,509,509,29,476.02,4/22/2022,63542 Monument Terrace,credit card,delivered,6476578652
510,510,510,10,825.83,4/15/2020,18084 Superior Park,PayPal,shipped,3828278175
511,511,511,63,569.9,6/6/2020,38500 Aberg Road,PayPal,pending,1621182603
512,512,512,19,914.37,10/7/2021,5 Scott Avenue,PayPal,processing,1283904178
513,513,513,29,260.32,3/31/2020,66 Elka Pass,credit card,pending,9755295436
514,514,514,24,191.77,12/11/2020,84160 Monument Alley,PayPal,pending,8995171318
515,515,515,95,585.81,6/14/2022,2787 Hazelcrest Crossing,PayPal,shipped,1146793509
516,516,516,8,939.58,5/31/2022,756 Holmberg Street,PayPal,shipped,5757176850
517,517,517,59,8.29,12/16/2021,1 Carioca Drive,debit card,pending,4173448442
518,518,518,57,647.47,7/28/2021,0031 Sachs Way,credit card,processing,6192611363
519,519,519,65,537.72,6/17/2021,33233 Hovde Hill,PayPal,shipped,8257950284
520,520,520,93,170.82,5/4/2021,6 Burning Wood Circle,credit card,delivered,5217692442
521,521,521,5,44.1,4/29/2021,87 Del Mar Terrace,credit card,pending,8484630955
522,522,522,63,884.79,10/30/2021,801 Paget Place,PayPal,shipped,6579609624
523,523,523,63,949.66,6/21/2020,34 Village Green Street,credit card,shipped,6315700037
524,524,524,33,1.48,1/4/2022,4464 Bashford Parkway,debit card,pending,6105390292
525,525,525,92,936.27,10/24/2020,52 Arrowood Plaza,PayPal,pending,4622266234
526,526,526,72,767.9,4/14/2021,9 Knutson Court,credit card,delivered,4911889392
527,527,527,38,15.05,7/21/2020,40129 Evergreen Trail,credit card,pending,4017611263
528,528,528,72,734.25,10/19/2020,062 Northport Drive,PayPal,shipped,9463109330
529,529,529,12,935.96,4/28/2020,8751 Bowman Lane,PayPal,shipped,1220590167
530,530,530,54,605.92,7/7/2022,0529 Sugar Park,debit card,delivered,4919467536
531,531,531,7,893.23,1/3/2021,44186 Susan Center,PayPal,shipped,8742424555
532,532,532,6,949.89,3/30/2020,460 Sachs Circle,credit card,pending,3969455790
533,533,533,98,374.41,2/1/2020,67764 Muir Street,credit card,delivered,7093468035
534,534,534,1,214.58,8/24/2021,593 Reinke Way,PayPal,delivered,2335224012
535,535,535,68,921.18,5/1/2022,05 Pleasure Avenue,credit card,shipped,4022539123
536,536,536,37,507.32,4/5/2020,38 Mcguire Way,credit card,delivered,1085093469
537,537,537,83,827.91,8/11/2022,04 Luster Junction,PayPal,shipped,1600792780
538,538,538,64,179.7,7/26/2022,9366 Loomis Circle,PayPal,pending,3568553243
539,539,539,24,604.26,10/20/2022,87 Forest Dale Avenue,credit card,pending,9064175896
540,540,540,92,469.65,2/15/2021,6 1st Lane,credit card,delivered,8014392571
541,541,541,42,754.83,5/4/2020,44 Rowland Crossing,PayPal,delivered,2353849074
542,542,542,82,257.14,6/30/2022,443 Hayes Alley,PayPal,delivered,2656529623
543,543,543,10,236.0,1/16/2022,91989 Dixon Street,debit card,shipped,9893414790
544,544,544,22,781.69,1/24/2020,614 Surrey Parkway,PayPal,processing,8096546336
545,545,545,92,279.96,4/2/2022,387 Orin Lane,credit card,shipped,8415869246
546,546,546,18,415.2,11/20/2020,98365 Nova Parkway,PayPal,shipped,4471634681
547,547,547,37,512.34,7/25/2020,0414 Elgar Pass,debit card,processing,4963226380
548,548,548,62,131.91,3/16/2021,39167 Dakota Hill,debit card,processing,6192880737
549,549,549,93,75.83,9/28/2022,7179 Sunbrook Park,PayPal,processing,2582224173
550,550,550,71,338.43,12/28/2021,75 Kensington Crossing,debit card,pending,2834885798
551,551,551,65,110.6,9/19/2020,34 Charing Cross Way,debit card,pending,9755060582
552,552,552,90,78.22,6/15/2020,3 Prairie Rose Lane,credit card,delivered,3833005362
553,553,553,51,415.75,8/17/2020,7122 Dexter Lane,debit card,shipped,9964609451
554,554,554,64,249.76,10/23/2022,98 Harbort Avenue,credit card,processing,8956721742
555,555,555,97,858.25,5/22/2021,12783 Maple Wood Avenue,debit card,processing,6090564156
556,556,556,15,328.83,10/30/2021,42 Red Cloud Terrace,debit card,delivered,6016461234
557,557,557,54,116.3,5/22/2020,60569 Armistice Point,PayPal,shipped,7851129190
558,558,558,79,618.85,3/23/2021,99 Stephen Crossing,credit card,pending,6368364519
559,559,559,23,497.94,8/31/2022,01569 Warbler Point,PayPal,processing,8476778240
560,560,560,51,127.63,4/3/2020,50 Dahle Place,debit card,processing,9549984183
561,561,561,69,0.84,8/20/2021,750 Bonner Terrace,debit card,shipped,4073390488
562,562,562,18,321.24,4/15/2021,9 Waxwing Center,PayPal,processing,8361108394
563,563,563,56,186.98,12/2/2021,68 Roth Trail,credit card,shipped,5628090033
564,564,564,70,744.53,10/23/2021,809 Graceland Place,PayPal,shipped,6045384009
565,565,565,24,348.73,6/11/2020,341 Sheridan Junction,PayPal,pending,2458437885
566,566,566,91,876.53,2/16/2021,0023 Loftsgordon Parkway,credit card,delivered,9224331065
567,567,567,27,862.37,8/8/2022,9852 Buena Vista Lane,credit card,pending,2029029776
568,568,568,94,678.43,1/23/2022,40 Dwight Terrace,debit card,shipped,8002106332
569,569,569,53,227.85,5/11/2020,4894 Lakewood Gardens Way,debit card,processing,3764448876
570,570,570,58,436.9,9/6/2020,60 Elka Hill,credit card,processing,7020839516
571,571,571,6,482.44,7/16/2022,5203 Thackeray Park,PayPal,shipped,6168461864
572,572,572,10,802.65,2/15/2022,824 Algoma Park,PayPal,pending,1003685307
573,573,573,86,561.1,4/3/2020,0 Sauthoff Crossing,debit card,processing,2847095434
574,574,574,87,712.12,7/29/2020,24 Becker Point,PayPal,shipped,3383897727
575,575,575,98,408.51,3/15/2021,9638 Bonner Park,credit card,delivered,2126317869
576,576,576,90,339.5,4/20/2020,3975 Barby Terrace,PayPal,delivered,3784150136
577,577,577,25,341.44,5/9/2021,5742 Farmco Plaza,credit card,delivered,4590797882
578,578,578,22,115.63,5/5/2021,39776 Stoughton Place,PayPal,pending,4411573587
579,579,579,89,971.56,7/18/2020,2483 Grasskamp Crossing,debit card,pending,3078097051
580,580,580,2,778.4,4/18/2020,5 Carey Terrace,debit card,processing,4307557133
581,581,581,78,865.92,1/25/2021,2 Mallory Park,credit card,pending,7656180916
582,582,582,3,359.48,6/16/2020,530 Coolidge Place,debit card,pending,8408100309
583,583,583,66,452.63,1/20/2022,45 Karstens Center,debit card,pending,3792170569
584,584,584,53,116.34,3/21/2021,652 La Follette Circle,credit card,pending,6886727212
585,585,585,88,617.69,10/12/2021,73 Scoville Street,debit card,pending,5269710979
586,586,586,26,153.89,7/21/2022,072 East Point,PayPal,processing,1350545208
587,587,587,49,144.31,9/17/2021,9649 Stuart Point,PayPal,delivered,8677007763
588,588,588,37,147.92,6/22/2022,66317 Service Hill,debit card,pending,5580401211
589,589,589,36,878.33,9/28/2022,58 Barby Plaza,debit card,shipped,3665733525
590,590,590,56,122.35,5/4/2020,21 Carpenter Street,PayPal,pending,4936210215
591,591,591,77,387.72,7/18/2020,741 Service Circle,debit card,shipped,4765075628
592,592,592,28,446.35,2/23/2021,77 Sauthoff Terrace,debit card,pending,3632915056
593,593,593,13,756.45,10/27/2022,3285 Pepper Wood Drive,credit card,shipped,9830083596
594,594,594,45,914.75,1/1/2022,91 Bobwhite Place,credit card,pending,4407531060
595,595,595,35,688.11,10/11/2022,01826 Quincy Hill,credit card,processing,3375572875
596,596,596,64,181.41,8/29/2021,62365 Erie Avenue,debit card,processing,5697049720
597,597,597,94,83.89,4/19/2020,70103 Spenser Parkway,debit card,pending,4976769842
598,598,598,79,266.53,10/21/2022,47536 Corry Place,PayPal,shipped,1029215451
599,599,599,63,559.53,9/24/2020,02042 Weeping Birch Center,debit card,delivered,1799510289
600,600,600,92,823.02,1/31/2020,50 Montana Lane,debit card,shipped,2125792377
601,601,601,59,280.12,4/26/2021,01252 Hansons Lane,PayPal,shipped,3775823086
602,602,602,36,651.39,8/13/2022,906 Graedel Avenue,credit card,pending,4695643115
603,603,603,94,671.39,3/13/2021,9996 Autumn Leaf Parkway,credit card,pending,1321695383
604,604,604,64,745.69,9/14/2020,9 Crescent Oaks Hill,credit card,delivered,2928012636
605,605,605,58,547.94,10/15/2020,5466 Portage Center,PayPal,pending,6301396230
606,606,606,67,322.37,3/10/2021,10272 Del Mar Crossing,debit card,delivered,9801570818
607,607,607,90,482.5,1/13/2020,28287 Troy Parkway,debit card,processing,5528973158
608,608,608,95,683.32,3/1/2021,605 Boyd Center,debit card,processing,3783049247
609,609,609,87,858.59,3/21/2021,15 Butternut Road,debit card,delivered,2827588937
610,610,610,64,817.97,8/6/2020,31 Raven Park,PayPal,delivered,9577754147
611,611,611,94,780.13,3/29/2020,9444 Hooker Road,debit card,pending,9324225449
612,612,612,86,200.01,6/16/2021,25203 John Wall Junction,PayPal,delivered,9696902008
613,613,613,91,364.48,8/2/2020,414 Kenwood Trail,PayPal,processing,4993243043
614,614,614,79,393.94,3/6/2022,1 Ronald Regan Drive,credit card,shipped,9876021180
615,615,615,33,124.39,7/22/2020,24637 Becker Park,debit card,delivered,4363314179
616,616,616,43,542.99,11/15/2020,19 Springs Avenue,debit card,processing,2743407031
617,617,617,84,857.27,1/22/2020,28 Northfield Drive,debit card,pending,1720048314
618,618,618,78,755.25,7/13/2020,638 Ruskin Junction,PayPal,processing,5981972722
619,619,619,5,912.03,10/28/2020,6706 Meadow Valley Point,debit card,pending,4435503491
620,620,620,23,175.62,4/10/2022,69366 Union Hill,PayPal,shipped,5083041356
621,621,621,83,803.93,5/13/2020,0 Sullivan Center,credit card,pending,4621841542
622,622,622,68,420.92,4/18/2020,20079 Bowman Hill,credit card,pending,7196672447
623,623,623,91,424.47,4/9/2020,37110 Upham Trail,PayPal,pending,5470841109
624,624,624,90,241.05,3/7/2021,777 Maywood Junction,PayPal,shipped,8274260291
625,625,625,83,877.02,7/10/2021,1 David Park,PayPal,delivered,4529579029
626,626,626,29,698.57,3/3/2021,0 Toban Pass,debit card,shipped,9374171121
627,627,627,1,902.3,10/10/2022,32826 Golden Leaf Alley,PayPal,shipped,2747218913
628,628,628,78,328.95,6/27/2021,926 Lyons Center,credit card,processing,3024805915
629,629,629,31,197.58,11/28/2020,1685 South Circle,credit card,delivered,7391328467
630,630,630,89,908.29,7/22/2022,7588 Kropf Junction,PayPal,processing,6272433786
631,631,631,85,337.23,7/11/2020,1 Dayton Street,PayPal,processing,2739565284
632,632,632,72,682.02,9/14/2022,1 Sundown Lane,credit card,delivered,9289023191
633,633,633,70,240.2,2/26/2021,433 Fair Oaks Plaza,credit card,shipped,4998735139
634,634,634,97,214.6,6/16/2020,9878 Crowley Park,credit card,delivered,4396830565
635,635,635,43,561.95,5/21/2022,5 Calypso Center,debit card,pending,9889045229
636,636,636,52,30.91,11/9/2021,8 Ridgeway Parkway,PayPal,shipped,6545860719
637,637,637,98,84.69,7/21/2022,00 Dawn Way,credit card,delivered,9387407381
638,638,638,40,227.36,8/26/2021,8172 Huxley Junction,credit card,shipped,4584492569
639,639,639,79,760.81,9/24/2022,91 Ohio Trail,debit card,processing,3895833742
640,640,640,85,642.29,4/15/2020,100 Blaine Court,debit card,pending,9131368451
641,641,641,45,1.82,3/6/2020,22 Prentice Plaza,debit card,shipped,9141903710
642,642,642,38,703.32,7/22/2020,00 Roth Parkway,credit card,shipped,7286957464
643,643,643,71,735.32,4/5/2020,22019 Vernon Crossing,PayPal,delivered,3646230045
644,644,644,61,464.11,3/24/2021,3127 Mcbride Crossing,credit card,processing,7959111704
645,645,645,100,228.92,2/15/2022,56 Grover Junction,debit card,pending,1535334084
646,646,646,17,434.49,1/5/2021,8668 Golf Course Hill,debit card,shipped,2826527794
647,647,647,48,5.58,2/27/2021,265 Springview Center,credit card,delivered,3906469837
648,648,648,75,792.25,9/4/2022,8 Helena Road,debit card,processing,3629643276
649,649,649,70,749.41,11/25/2022,4 4th Junction,credit card,delivered,9698409504
650,650,650,84,32.73,3/6/2021,9374 Main Crossing,PayPal,shipped,9486460218
651,651,651,25,919.85,10/8/2022,2 Boyd Lane,debit card,delivered,3373825028
652,652,652,40,786.11,11/14/2022,91 Gina Street,PayPal,shipped,6512877606
653,653,653,11,925.76,6/25/2020,0 Aberg Plaza,credit card,processing,7030446826
654,654,654,58,164.51,12/25/2021,553 Lotheville Place,debit card,delivered,3779276719
655,655,655,51,987.06,4/6/2020,3953 Butternut Crossing,debit card,processing,1015129696
656,656,656,2,784.57,2/25/2022,7 Schlimgen Terrace,debit card,processing,2690087791
657,657,657,38,797.47,2/4/2021,5373 Buell Place,PayPal,processing,6457072448
658,658,658,72,715.48,2/12/2021,696 Esker Hill,debit card,processing,9435291707
659,659,659,74,559.08,1/13/2021,33482 Warbler Road,debit card,delivered,2716357285
660,660,660,98,209.49,2/12/2020,63526 Twin Pines Trail,credit card,shipped,4778384354
661,661,661,46,93.53,9/20/2022,88 Dryden Parkway,PayPal,delivered,3376802891
662,662,662,43,992.82,8/5/2022,513 Holmberg Plaza,debit card,shipped,5384862071
663,663,663,61,501.6,3/30/2022,7 Trailsway Circle,PayPal,pending,9415540784
664,664,664,33,128.19,3/8/2021,5579 Miller Road,PayPal,processing,1007980343
665,665,665,49,772.61,5/13/2021,1 Delladonna Plaza,debit card,pending,3413980775
666,666,666,85,299.62,5/2/2022,649 La Follette Parkway,debit card,processing,2950613114
667,667,667,61,852.35,4/25/2022,4109 Holy Cross Terrace,PayPal,pending,3415533311
668,668,668,2,630.29,6/14/2020,7780 Pawling Trail,PayPal,shipped,3268080661
669,669,669,45,801.93,5/7/2020,782 Monument Circle,credit card,pending,8148704987
670,670,670,99,696.07,3/19/2022,5 Farmco Drive,credit card,delivered,3007582029
671,671,671,67,322.66,1/2/2021,3 School Pass,debit card,shipped,1613388821
672,672,672,55,989.07,9/19/2021,20303 Packers Terrace,debit card,shipped,6253392428
673,673,673,10,674.3,5/1/2022,989 Old Shore Parkway,debit card,delivered,5000012106
674,674,674,95,386.47,4/18/2021,33285 Eggendart Junction,PayPal,delivered,9800065105
675,675,675,17,795.33,11/7/2022,40131 Colorado Plaza,credit card,processing,9596036489
676,676,676,25,70.16,2/2/2022,1396 Corry Avenue,PayPal,processing,9543341932
677,677,677,41,296.74,4/26/2022,74900 Trailsway Lane,PayPal,pending,7958038889
678,678,678,59,896.57,2/10/2020,37857 Linden Alley,debit card,processing,6271632901
679,679,679,28,624.41,9/26/2022,745 Hanover Place,PayPal,processing,2371957466
680,680,680,63,33.63,2/12/2020,0744 Esker Trail,debit card,pending,1767234752
681,681,681,94,189.69,9/30/2020,274 Melrose Junction,debit card,pending,4993441174
682,682,682,80,643.34,12/21/2022,82 Saint Paul Parkway,credit card,delivered,4425519546
683,683,683,87,690.16,12/13/2021,4084 Kensington Alley,credit card,pending,2324199024
684,684,684,48,240.14,8/1/2020,5437 West Place,credit card,delivered,7866375745
685,685,685,34,182.2,3/31/2022,86242 Monument Avenue,credit card,delivered,7710307377
686,686,686,42,441.17,8/30/2020,00 Mayfield Road,debit card,shipped,8483488751
687,687,687,71,199.06,6/13/2021,8 Burning Wood Plaza,debit card,shipped,1403073200
688,688,688,41,918.59,4/20/2021,3570 East Avenue,credit card,shipped,6603259523
689,689,689,95,653.5,7/1/2022,616 Longview Junction,PayPal,pending,4565061817
690,690,690,78,374.91,10/15/2020,6 Continental Parkway,debit card,delivered,3860185702
691,691,691,34,883.68,6/6/2021,4 Stephen Pass,PayPal,shipped,1251521934
692,692,692,52,56.25,10/24/2020,80 Golf Course Hill,PayPal,delivered,9189416132
693,693,693,91,136.07,6/27/2022,59 Anhalt Way,debit card,shipped,3158603362
694,694,694,63,724.52,8/24/2020,13065 Carey Pass,debit card,shipped,8611786500
695,695,695,51,35.61,5/15/2022,5491 Raven Terrace,credit card,pending,7824049006
696,696,696,4,348.13,9/9/2022,823 Sugar Terrace,PayPal,pending,1879157327
697,697,697,83,351.14,9/16/2021,986 Warner Terrace,credit card,pending,1560144526
698,698,698,37,283.95,2/16/2020,4139 Dapin Avenue,PayPal,shipped,5011396789
699,699,699,33,433.66,4/13/2020,6 Hoard Hill,PayPal,pending,7670686530
700,700,700,11,124.05,5/16/2022,7 Banding Lane,credit card,pending,9252814916
701,701,701,32,39.45,7/30/2021,898 Ohio Court,PayPal,pending,5011113222
702,702,702,12,570.34,1/14/2020,72364 Green Ridge Junction,debit card,delivered,9885978692
703,703,703,31,559.2,4/5/2020,143 Emmet Street,PayPal,shipped,3719477350
704,704,704,28,449.1,4/14/2022,4640 Summit Park,debit card,pending,8339064133
705,705,705,64,944.55,7/9/2020,04747 Stuart Junction,debit card,shipped,5309110753
706,706,706,31,743.4,8/30/2022,58655 Clyde Gallagher Lane,credit card,delivered,9181976875
707,707,707,15,177.96,11/21/2021,4009 Lindbergh Drive,PayPal,pending,7567099223
708,708,708,55,94.56,8/7/2020,83 Banding Road,debit card,pending,6954554253
709,709,709,90,615.69,1/30/2021,3 Del Mar Center,debit card,processing,2520771021
710,710,710,100,810.74,6/11/2021,46187 Loomis Park,debit card,processing,4532989037
711,711,711,47,953.62,3/26/2020,1 Forest Run Crossing,debit card,shipped,9911696384
712,712,712,3,573.88,11/3/2021,50733 Forest Plaza,PayPal,processing,2377514370
713,713,713,78,812.74,4/9/2020,6 Ryan Drive,PayPal,processing,1024126351
714,714,714,2,397.85,1/3/2022,1 Fuller Drive,debit card,delivered,1622381316
715,715,715,68,502.95,3/8/2021,74250 Morning Trail,PayPal,pending,8288741970
716,716,716,54,890.79,12/11/2021,36 American Street,debit card,processing,6033992171
717,717,717,25,669.81,6/13/2020,91 Browning Circle,credit card,shipped,9429901662
718,718,718,51,64.21,2/18/2022,3505 Melrose Lane,PayPal,shipped,8954933363
719,719,719,82,209.96,5/24/2020,02340 Express Place,debit card,shipped,7864336802
720,720,720,55,290.91,1/6/2021,724 Northfield Junction,credit card,processing,5529596979
721,721,721,95,455.47,5/25/2022,7 Sherman Pass,PayPal,processing,3782257511
722,722,722,88,823.9,2/8/2020,98 Clemons Alley,credit card,pending,2112135215
723,723,723,34,196.73,2/12/2021,715 Calypso Center,debit card,delivered,2091980687
724,724,724,72,610.88,8/26/2022,6 Marquette Avenue,credit card,delivered,8346278530
725,725,725,34,341.14,6/19/2021,2 Merry Way,debit card,processing,9637345255
726,726,726,66,819.61,7/12/2021,084 Golf View Street,debit card,processing,9071746008
727,727,727,98,586.42,3/4/2022,20 Rutledge Crossing,PayPal,delivered,9788567017
728,728,728,32,618.91,2/4/2020,46 Rockefeller Parkway,credit card,processing,6830301725
729,729,729,87,214.91,11/10/2022,1869 Westend Road,PayPal,shipped,5488627761
730,730,730,32,388.54,7/21/2020,50 Sycamore Center,debit card,shipped,5370399086
731,731,731,72,896.14,2/23/2021,28 Heffernan Road,PayPal,processing,2088431077
732,732,732,70,596.58,4/20/2020,51 Prairieview Court,debit card,pending,9012277617
733,733,733,75,986.97,1/11/2022,95874 Surrey Alley,PayPal,processing,1591185775
734,734,734,47,997.45,9/4/2022,2785 Bayside Road,debit card,shipped,2937839642
735,735,735,33,638.95,11/21/2022,87086 Homewood Center,debit card,delivered,3764978842
736,736,736,13,275.22,11/16/2020,98492 Lotheville Alley,debit card,shipped,2785831785
737,737,737,31,507.2,5/31/2020,40 Lighthouse Bay Park,debit card,delivered,6852138022
738,738,738,22,432.89,2/17/2021,538 Bunting Circle,credit card,pending,9492058303
739,739,739,10,237.58,5/6/2022,8 Holmberg Point,debit card,pending,9930119570
740,740,740,4,65.27,3/12/2021,4 Kingsford Hill,debit card,delivered,8311604114
741,741,741,68,970.38,9/12/2020,5 Pearson Point,credit card,delivered,7360904064
742,742,742,61,695.26,5/27/2020,53 Bluestem Trail,debit card,delivered,1695084875
743,743,743,86,254.19,9/3/2021,62 Maple Wood Crossing,PayPal,processing,8934177536
744,744,744,83,935.1,8/23/2020,1059 Moland Pass,credit card,pending,7138564883
745,745,745,52,247.7,1/23/2021,29 Northwestern Plaza,PayPal,processing,8781742932
746,746,746,13,200.65,5/9/2021,8 John Wall Point,PayPal,processing,9109233108
747,747,747,97,540.99,10/30/2021,9 Old Gate Road,PayPal,pending,8978984548
748,748,748,67,70.45,1/31/2022,2 Prentice Court,debit card,processing,3519468817
749,749,749,60,397.85,9/26/2020,80 Bonner Trail,PayPal,shipped,4836031732
750,750,750,34,843.31,4/16/2021,4185 Dorton Road,PayPal,shipped,3263724004
751,751,751,97,307.13,12/30/2022,43480 Sycamore Hill,credit card,pending,3328161204
752,752,752,39,437.61,3/15/2020,56 Karstens Pass,credit card,pending,9951884894
753,753,753,73,928.89,3/1/2021,86 Lighthouse Bay Lane,debit card,processing,9169966357
754,754,754,47,104.38,10/22/2020,6 Granby Court,PayPal,shipped,9026908469
755,755,755,95,157.4,1/1/2020,71917 2nd Point,debit card,pending,8815208056
756,756,756,61,420.49,11/17/2020,54 Cordelia Way,debit card,pending,4601741062
757,757,757,66,957.66,7/29/2020,78 Gina Alley,credit card,shipped,5409235996
758,758,758,47,222.24,12/8/2022,35 2nd Trail,credit card,delivered,6824554168
759,759,759,80,570.17,10/16/2022,6983 Meadow Ridge Hill,credit card,delivered,6641948798
760,760,760,5,346.33,6/9/2020,483 Eggendart Parkway,PayPal,processing,4851663481
761,761,761,8,970.7,6/15/2020,8147 Green Parkway,credit card,delivered,1430328085
762,762,762,47,21.62,11/21/2020,01 Sunfield Hill,PayPal,delivered,2373942390
763,763,763,63,208.81,6/6/2021,8 Rigney Circle,debit card,processing,2572334184
764,764,764,95,951.33,2/13/2022,378 Division Avenue,debit card,processing,7886900274
765,765,765,38,91.4,9/11/2020,748 Stang Hill,credit card,delivered,8389535853
766,766,766,25,828.08,5/16/2021,6987 Butterfield Alley,PayPal,processing,7066372837
767,767,767,60,434.94,11/19/2020,7126 Cottonwood Court,debit card,shipped,5444381289
768,768,768,14,252.93,6/10/2022,42959 Forest Run Pass,debit card,delivered,7224291980
769,769,769,52,125.85,12/27/2022,404 Maple Place,credit card,pending,1283986788
770,770,770,25,949.68,9/8/2020,3404 Sage Lane,credit card,delivered,6354450965
771,771,771,48,344.1,7/26/2022,38 Dennis Place,PayPal,pending,6010336904
772,772,772,39,980.2,2/16/2020,32222 Summerview Hill,credit card,processing,9328856194
773,773,773,44,686.62,2/3/2020,30 Garrison Avenue,PayPal,delivered,8692676206
774,774,774,16,276.02,3/27/2022,948 Rusk Drive,debit card,pending,1800979211
775,775,775,90,548.19,8/13/2020,07996 Sunnyside Hill,debit card,shipped,5633491809
776,776,776,59,439.84,1/28/2022,6022 Superior Terrace,PayPal,pending,5045656432
777,777,777,14,495.23,1/1/2021,1219 Nelson Hill,PayPal,processing,2096631007
778,778,778,21,482.21,3/24/2021,3570 Stephen Drive,PayPal,pending,7582350412
779,779,779,1,358.98,6/7/2022,89 Riverside Center,PayPal,pending,9905618884
780,780,780,98,636.06,11/9/2021,0069 Hooker Street,credit card,delivered,4396621669
781,781,781,81,109.99,9/18/2022,2688 Marcy Park,credit card,pending,9531615766
782,782,782,17,46.29,5/27/2020,72465 Arapahoe Way,debit card,pending,7537429065
783,783,783,27,255.0,7/5/2022,43658 Bultman Lane,debit card,shipped,8878719946
784,784,784,55,447.4,10/25/2022,5 Esker Drive,credit card,pending,9386311188
785,785,785,59,465.58,4/5/2020,764 Warrior Way,debit card,processing,2382160176
786,786,786,52,232.72,6/29/2020,7021 Kensington Drive,debit card,pending,8256721116
787,787,787,89,782.16,7/7/2021,02 Ridgeway Hill,PayPal,processing,5196768841
788,788,788,91,864.53,9/28/2021,593 Montana Pass,PayPal,processing,8258775642
789,789,789,8,280.91,2/3/2020,0 Kennedy Parkway,credit card,delivered,4313611270
790,790,790,3,694.42,3/20/2021,215 Roth Junction,credit card,processing,7120964720
791,791,791,56,940.47,2/25/2022,6248 Stang Terrace,PayPal,delivered,9794091624
792,792,792,67,634.18,10/5/2021,2405 Kenwood Center,PayPal,delivered,5514024452
793,793,793,23,601.71,12/7/2022,4743 Oak Parkway,credit card,delivered,9496256430
794,794,794,98,674.94,3/4/2022,8403 Butterfield Road,debit card,processing,3609686826
795,795,795,41,433.65,7/26/2021,07299 Blaine Avenue,PayPal,pending,5077487777
796,796,796,43,787.53,11/20/2021,6930 Pepper Wood Terrace,debit card,delivered,6385158234
797,797,797,91,156.56,5/17/2020,4331 Hoard Pass,debit card,delivered,7646300038
798,798,798,86,86.17,8/24/2021,04 Green Ridge Alley,credit card,delivered,2723348058
799,799,799,12,571.68,9/13/2021,63573 Pennsylvania Avenue,debit card,processing,1873300721
800,800,800,54,193.18,5/31/2020,8559 Golden Leaf Road,debit card,processing,1795684640
801,801,801,95,598.46,1/25/2021,28 Northview Road,debit card,processing,7713832143
802,802,802,56,826.66,10/4/2021,9544 Annamark Junction,PayPal,shipped,5139982559
803,803,803,55,565.54,1/3/2021,03 Emmet Avenue,PayPal,processing,9182885439
804,804,804,38,100.17,5/8/2021,243 Jay Crossing,debit card,pending,5618103598
805,805,805,85,116.88,5/1/2020,358 Menomonie Way,PayPal,pending,4953537066
806,806,806,22,226.68,11/29/2022,2857 Farwell Avenue,debit card,pending,1414968654
807,807,807,75,351.4,8/5/2022,80953 Golf Court,debit card,shipped,4517282314
808,808,808,28,938.12,4/22/2022,7 Brown Park,credit card,pending,9959834936
809,809,809,63,586.35,3/26/2021,392 Morning Circle,credit card,shipped,1501430303
810,810,810,71,680.55,6/11/2020,31 Caliangt Crossing,PayPal,pending,5055890353
811,811,811,65,869.53,7/21/2020,18 Gale Crossing,PayPal,processing,3014539300
812,812,812,37,750.47,2/6/2021,1813 Jackson Parkway,credit card,shipped,8604483135
813,813,813,40,843.15,7/18/2020,044 Old Shore Place,PayPal,shipped,6910528228
814,814,814,49,534.97,2/14/2020,99175 Loftsgordon Plaza,debit card,shipped,1345394725
815,815,815,61,539.98,4/20/2021,0 Thackeray Circle,debit card,processing,7485860708
816,816,816,8,120.95,10/18/2020,8770 Novick Place,credit card,processing,2734497613
817,817,817,13,693.26,12/15/2020,3 Kedzie Center,PayPal,delivered,9440080896
818,818,818,7,831.32,2/11/2021,3 Warrior Plaza,PayPal,delivered,5849895561
819,819,819,54,289.46,1/17/2020,7506 Mendota Park,credit card,pending,3651555807
820,820,820,11,897.46,8/5/2021,6 Buhler Road,PayPal,shipped,3258879327
821,821,821,67,487.23,5/11/2021,482 Kennedy Drive,PayPal,shipped,3541889295
822,822,822,85,407.37,6/25/2022,1175 Sunnyside Way,debit card,processing,5762050117
823,823,823,51,511.19,10/12/2022,1 Green Ridge Parkway,credit card,shipped,7471519523
824,824,824,64,54.52,4/25/2020,5 Arizona Street,PayPal,delivered,5011081617
825,825,825,82,126.41,3/9/2022,01 Wayridge Parkway,credit card,shipped,5330587998
826,826,826,39,925.42,5/12/2020,0154 Surrey Parkway,credit card,pending,3436789429
827,827,827,93,262.47,5/7/2020,98392 Manufacturers Lane,debit card,processing,4920603048
828,828,828,91,60.25,8/4/2022,1947 Meadow Vale Crossing,credit card,pending,8265076909
829,829,829,6,440.93,9/18/2022,853 Fulton Street,credit card,processing,8299588275
830,830,830,57,20.6,11/18/2021,9318 Dexter Trail,credit card,delivered,3415160265
831,831,831,43,364.02,10/6/2021,578 American Ash Lane,debit card,delivered,7421309730
832,832,832,73,363.98,10/15/2021,45 Stone Corner Avenue,PayPal,shipped,7687623588
833,833,833,97,333.96,4/21/2020,68 Twin Pines Trail,debit card,shipped,1292300580
834,834,834,93,880.82,7/21/2021,288 Corscot Circle,credit card,shipped,6520994470
835,835,835,71,5.19,7/3/2021,086 Kropf Crossing,credit card,shipped,8085881085
836,836,836,5,194.56,11/23/2022,6 Kim Lane,debit card,processing,3479438793
837,837,837,83,935.41,8/5/2020,661 Morrow Park,debit card,pending,3384452611
838,838,838,63,857.77,9/13/2021,1 Carberry Pass,PayPal,delivered,4386711468
839,839,839,20,193.66,5/22/2021,5 Petterle Trail,debit card,pending,5064905352
840,840,840,37,401.02,1/10/2021,7025 Browning Way,credit card,delivered,1299418091
841,841,841,99,783.31,7/29/2020,9046 Walton Alley,credit card,delivered,9965625835
842,842,842,74,395.2,3/29/2020,305 Merrick Hill,debit card,delivered,6528812907
843,843,843,25,947.51,4/25/2020,35163 Myrtle Point,credit card,pending,8302133366
844,844,844,56,150.94,8/21/2021,9 Oak Valley Junction,credit card,delivered,7732020373
845,845,845,32,972.06,9/25/2021,192 Sutteridge Alley,credit card,delivered,4978154816
846,846,846,98,659.37,3/26/2020,98 Porter Road,debit card,processing,4177659512
847,847,847,87,410.37,2/3/2021,118 Green Way,debit card,shipped,6127986457
848,848,848,8,644.86,2/7/2022,7 Brentwood Point,debit card,processing,9885947360
849,849,849,89,516.93,9/23/2020,1 Stang Avenue,PayPal,delivered,5685704828
850,850,850,56,810.9,8/31/2021,27 Surrey Lane,debit card,pending,6740803626
851,851,851,66,801.78,4/17/2020,794 Anhalt Plaza,debit card,delivered,2963857573
852,852,852,86,151.31,5/12/2021,0 Shelley Point,PayPal,processing,8556585093
853,853,853,31,581.29,5/31/2021,620 Forest Alley,credit card,pending,7224282582
854,854,854,52,143.4,6/26/2021,98 2nd Alley,credit card,delivered,4467136888
855,855,855,1,183.64,10/25/2022,888 Schurz Street,credit card,shipped,5302498106
856,856,856,88,654.66,6/21/2021,4506 Comanche Crossing,debit card,delivered,8395695881
857,857,857,22,144.62,1/5/2022,628 Dovetail Terrace,PayPal,delivered,8803596286
858,858,858,26,572.62,3/28/2020,8 Moland Street,debit card,delivered,3011963871
859,859,859,44,496.88,1/14/2021,73 New Castle Point,PayPal,delivered,9928570486
860,860,860,13,399.95,6/2/2021,86669 Vahlen Street,credit card,shipped,1911610971
861,861,861,88,292.87,1/27/2020,5568 Morning Crossing,PayPal,shipped,4886492175
862,862,862,88,197.88,4/6/2021,00 Toban Lane,PayPal,delivered,2642666525
863,863,863,60,677.3,11/1/2020,6303 Spenser Park,PayPal,pending,9675402875
864,864,864,72,528.6,12/19/2020,8 Westend Road,PayPal,processing,6278335554
865,865,865,13,544.29,4/10/2020,0182 Twin Pines Trail,credit card,delivered,6055021109
866,866,866,28,917.01,1/10/2022,88724 Kipling Terrace,credit card,pending,9578749243
867,867,867,92,291.6,6/8/2022,38264 Dexter Pass,debit card,shipped,1513821479
868,868,868,49,693.08,8/5/2022,6315 6th Drive,PayPal,pending,7200815581
869,869,869,89,690.33,2/20/2022,5 American Avenue,credit card,shipped,5520717751
870,870,870,94,157.35,10/29/2020,129 Ridge Oak Place,PayPal,processing,3150330947
871,871,871,47,91.73,6/19/2021,980 Mifflin Court,PayPal,delivered,9056457048
872,872,872,40,81.52,10/17/2022,4095 Troy Parkway,debit card,shipped,1562105376
873,873,873,8,697.72,3/18/2022,5531 Petterle Lane,credit card,processing,2773574028
874,874,874,55,495.12,5/8/2020,02 Carioca Place,PayPal,processing,4710280718
875,875,875,13,993.89,7/2/2021,4520 Mandrake Pass,credit card,shipped,8503430138
876,876,876,36,145.58,12/15/2022,6 Dakota Park,credit card,delivered,8149555959
877,877,877,20,239.81,2/25/2021,7 Marquette Center,PayPal,delivered,2150544965
878,878,878,79,217.94,10/29/2021,28 Reinke Park,credit card,processing,5445818119
879,879,879,70,453.52,7/20/2021,88984 Lake View Park,debit card,processing,5079152583
880,880,880,39,594.18,11/24/2021,66 Rockefeller Street,credit card,delivered,1481884240
881,881,881,28,648.13,12/17/2021,05135 Dayton Circle,credit card,pending,3308856663
882,882,882,3,196.85,2/25/2021,5 Rigney Lane,PayPal,pending,1203433274
883,883,883,42,250.51,8/29/2020,572 Oak Street,PayPal,processing,2498167792
884,884,884,12,455.68,1/24/2021,2299 Manitowish Point,debit card,delivered,2506805572
885,885,885,30,574.91,10/10/2022,79 Sutherland Drive,PayPal,shipped,3622190672
886,886,886,23,517.64,1/20/2021,022 Arrowood Trail,PayPal,pending,1519179455
887,887,887,61,562.01,5/17/2021,8643 Sutherland Court,PayPal,shipped,8587046782
888,888,888,9,73.01,7/3/2022,3472 Commercial Street,debit card,processing,4306043218
889,889,889,49,61.31,8/26/2020,1469 Artisan Plaza,credit card,processing,4775076689
890,890,890,77,877.55,6/19/2020,5812 Stone Corner Way,PayPal,processing,7761358307
891,891,891,78,837.3,6/18/2020,75 Ridgeway Center,PayPal,pending,3483204330
892,892,892,66,558.47,12/24/2020,93 Clyde Gallagher Lane,debit card,shipped,1463345762
893,893,893,7,951.46,3/9/2020,4200 Acker Way,credit card,delivered,5403436844
894,894,894,69,182.22,7/31/2022,086 Claremont Plaza,credit card,processing,6886442622
895,895,895,1,110.13,10/29/2020,30 Lakeland Park,debit card,delivered,5946138981
896,896,896,43,804.12,10/5/2020,50576 Golf View Lane,credit card,shipped,1302795860
897,897,897,28,366.49,2/9/2021,7477 Bellgrove Junction,PayPal,delivered,1790352959
898,898,898,67,976.9,6/27/2021,836 Superior Park,debit card,delivered,9822581704
899,899,899,69,959.15,3/18/2022,0 Elmside Pass,credit card,pending,7447346229
900,900,900,17,697.81,5/22/2022,4024 Swallow Terrace,credit card,processing,4040341977
901,901,901,16,179.86,8/20/2020,4 Oak Trail,debit card,shipped,9623059435
902,902,902,69,612.9,4/19/2020,7 Golf Course Terrace,PayPal,shipped,3939221103
903,903,903,36,511.27,9/20/2022,10 Corben Circle,PayPal,shipped,7028969188
904,904,904,80,875.62,10/9/2021,049 Fremont Road,PayPal,processing,4513772092
905,905,905,99,908.71,10/10/2020,05902 Gerald Parkway,debit card,shipped,8991064514
906,906,906,79,529.49,3/5/2021,2 Dawn Hill,debit card,shipped,9450873352
907,907,907,72,398.87,6/25/2022,6810 Bashford Center,PayPal,processing,5782849409
908,908,908,96,566.16,3/22/2021,50 Basil Plaza,credit card,pending,2246787714
909,909,909,58,363.41,5/8/2021,89 Columbus Crossing,credit card,delivered,6988010701
910,910,910,41,982.6,6/17/2020,73 Elgar Place,debit card,delivered,5966343620
911,911,911,90,979.42,12/26/2022,4677 Mariners Cove Lane,credit card,delivered,3820421829
912,912,912,34,12.2,5/5/2022,14 Lake View Center,PayPal,processing,1713058102
913,913,913,43,2.0,7/26/2021,3 Orin Street,credit card,processing,1188218981
914,914,914,20,346.79,6/12/2020,54653 Corry Court,PayPal,pending,3780019888
915,915,915,55,918.55,1/17/2021,65 Thackeray Circle,credit card,delivered,7885369153
916,916,916,72,947.15,7/22/2020,165 Washington Trail,credit card,processing,1348889433
917,917,917,37,703.04,8/31/2020,07293 Mandrake Point,debit card,processing,4689323577
918,918,918,95,417.72,1/26/2021,76 Lillian Trail,debit card,processing,5533967135
919,919,919,29,764.37,7/14/2020,68005 Arizona Terrace,PayPal,pending,9555464079
920,920,920,34,539.19,12/4/2021,35 Hovde Parkway,debit card,pending,6692759679
921,921,921,10,308.82,2/22/2021,79746 Lotheville Circle,debit card,delivered,8231153908
922,922,922,14,937.61,7/13/2022,83635 Waubesa Hill,debit card,pending,8081923037
923,923,923,80,552.73,2/20/2020,378 Eliot Drive,credit card,delivered,6080487962
924,924,924,46,501.11,5/17/2022,6612 Packers Avenue,credit card,processing,9079292485
925,925,925,72,897.43,5/9/2020,308 Dottie Alley,credit card,pending,7887271681
926,926,926,63,525.26,3/28/2021,99 Surrey Park,debit card,pending,1423240317
927,927,927,11,691.38,8/14/2021,91 Granby Park,credit card,delivered,8534992229
928,928,928,89,707.85,12/5/2021,05064 Longview Street,PayPal,processing,8600491542
929,929,929,12,626.98,2/14/2021,4 Blue Bill Park Road,debit card,shipped,8421116086
930,930,930,14,710.11,4/16/2021,8 Sutherland Court,debit card,shipped,1758188583
931,931,931,34,779.94,12/26/2022,54 Lotheville Court,credit card,pending,2916629671
932,932,932,17,162.43,9/21/2022,6441 Kinsman Drive,credit card,processing,9237939116
933,933,933,20,887.01,5/1/2022,08637 Dovetail Pass,debit card,shipped,6587303101
934,934,934,21,288.96,10/16/2021,58962 Independence Plaza,debit card,delivered,1139320429
935,935,935,83,964.42,7/9/2021,0 Burning Wood Place,credit card,delivered,3064116669
936,936,936,16,73.49,7/21/2022,3 Hansons Terrace,credit card,pending,9076895733
937,937,937,65,259.89,10/31/2022,8240 Nancy Road,PayPal,pending,5094427124
938,938,938,20,697.19,10/11/2020,7309 Dixon Hill,PayPal,pending,6293279550
939,939,939,80,47.94,4/27/2021,25912 Butternut Terrace,PayPal,delivered,9895521796
940,940,940,43,177.59,1/22/2020,23 Londonderry Drive,PayPal,delivered,9554362884
941,941,941,54,631.61,9/22/2021,28 Hermina Avenue,debit card,pending,8992320826
942,942,942,90,787.2,12/19/2021,0269 Hudson Lane,debit card,processing,1894871946
943,943,943,9,825.3,12/12/2022,5800 Algoma Lane,PayPal,shipped,5566848722
944,944,944,21,316.39,10/29/2020,2898 Londonderry Way,debit card,shipped,6047105287
945,945,945,18,161.56,2/7/2020,16448 Porter Crossing,credit card,pending,2695278128
946,946,946,16,287.05,6/3/2022,851 Menomonie Lane,PayPal,processing,1398151767
947,947,947,48,626.26,2/10/2022,18 Mayfield Parkway,debit card,processing,8657636369
948,948,948,53,756.01,1/20/2020,54391 Ilene Avenue,PayPal,processing,8036245682
949,949,949,10,800.68,11/4/2022,2825 Rowland Avenue,credit card,delivered,2669922982
950,950,950,7,176.76,9/10/2020,21698 Karstens Junction,credit card,pending,6574313017
951,951,951,27,637.99,9/11/2020,40 Sundown Parkway,credit card,shipped,1412010160
952,952,952,71,79.41,3/26/2021,70194 Heath Park,PayPal,pending,7897714862
953,953,953,99,723.23,12/5/2022,05 Butterfield Way,credit card,processing,3263070063
954,954,954,37,215.46,8/4/2020,657 Redwing Way,PayPal,processing,7580211687
955,955,955,29,828.21,12/30/2021,999 Green Center,PayPal,pending,1482724753
956,956,956,59,174.42,5/8/2022,818 Parkside Place,debit card,shipped,7434476689
957,957,957,50,641.55,6/15/2021,8 Darwin Terrace,credit card,processing,6368981086
958,958,958,83,67.62,3/14/2020,859 Manitowish Crossing,debit card,pending,4950387545
959,959,959,97,87.77,10/12/2020,23 Westend Court,credit card,processing,7687959851
960,960,960,4,821.86,10/23/2020,75522 Village Green Drive,PayPal,delivered,9207148603
961,961,961,71,600.35,2/25/2022,2238 Carberry Junction,debit card,pending,2289046694
962,962,962,81,878.3,8/29/2020,76 Goodland Terrace,credit card,pending,4385045157
963,963,963,70,965.93,11/22/2021,73 Sullivan Crossing,PayPal,pending,3669257137
964,964,964,63,412.71,5/2/2022,61 Toban Court,credit card,processing,3167544235
965,965,965,4,889.84,1/4/2020,9945 Summer Ridge Crossing,debit card,delivered,7206735861
966,966,966,15,898.14,7/17/2022,5 Sachtjen Court,debit card,pending,2953260131
967,967,967,57,49.62,8/26/2020,6036 Dapin Avenue,credit card,pending,5926822928
968,968,968,99,612.15,8/19/2022,298 Oxford Park,debit card,pending,2682815379
969,969,969,1,969.77,10/16/2022,12158 Vidon Place,credit card,shipped,4675968331
970,970,970,55,400.94,4/27/2020,1549 4th Park,PayPal,pending,3893045045
971,971,971,84,425.67,7/4/2022,951 Namekagon Circle,PayPal,shipped,2692734939
972,972,972,27,492.58,3/19/2022,72 Dahle Parkway,debit card,delivered,4963591569
973,973,973,28,643.23,5/16/2022,0 Dennis Road,debit card,processing,8818040032
974,974,974,36,596.53,7/12/2020,682 Pepper Wood Hill,credit card,delivered,9987852340
975,975,975,31,183.08,6/29/2021,26736 Barnett Street,credit card,processing,5585003031
976,976,976,3,169.6,3/13/2022,5807 Bultman Drive,credit card,pending,7069772306
977,977,977,52,812.92,12/12/2022,5230 Haas Plaza,credit card,shipped,6329513960
978,978,978,97,621.49,1/29/2021,42 Sachtjen Terrace,credit card,delivered,1752654170
979,979,979,3,840.11,8/1/2020,05504 Anzinger Park,debit card,shipped,8314890751
980,980,980,66,474.23,7/25/2022,0 Stone Corner Terrace,PayPal,processing,1829621093
981,981,981,89,523.71,1/2/2020,841 Coolidge Pass,PayPal,pending,5114710693
982,982,982,20,744.66,12/7/2020,6715 Memorial Place,PayPal,shipped,5423683214
983,983,983,61,733.3,4/27/2020,69604 Cardinal Street,PayPal,pending,7852194359
984,984,984,21,784.65,3/14/2021,7509 Park Meadow Terrace,PayPal,processing,7177860083
985,985,985,100,240.58,9/5/2020,747 Rowland Court,debit card,delivered,6482185965
986,986,986,31,807.4,2/29/2020,384 Rusk Terrace,credit card,shipped,6800062078
987,987,987,4,425.47,8/19/2021,5 Alpine Parkway,PayPal,shipped,5570024333
988,988,988,14,37.51,7/26/2021,340 Colorado Trail,PayPal,shipped,5178186438
989,989,989,65,332.41,6/16/2021,24344 Kings Crossing,debit card,delivered,6351102007
990,990,990,27,529.69,8/30/2021,37798 Kropf Center,credit card,pending,6996133832
991,991,991,73,674.45,9/16/2022,4 Lunder Circle,debit card,shipped,6750009159
992,992,992,4,750.26,2/8/2022,16270 Hudson Junction,PayPal,pending,9992809106
993,993,993,81,447.23,10/1/2020,430 Blackbird Lane,PayPal,shipped,7411939396
994,994,994,32,410.48,6/11/2020,707 Garrison Way,debit card,delivered,4473733768
995,995,995,25,123.28,9/19/2020,1696 Green Avenue,credit card,shipped,8060819353
996,996,996,27,555.95,2/22/2021,74842 Pepper Wood Center,credit card,processing,3473315675
997,997,997,16,736.02,11/5/2020,30125 Moose Street,debit card,pending,6273853763
998,998,998,9,18.8,1/20/2020,6671 Kensington Way,credit card,shipped,9759294087
999,999,999,40,280.41,5/30/2020,39759 Dorton Point,PayPal,pending,1652281096
1000,1000,1000,10,360.12,1/16/2020,2570 Lakewood Gardens Pass,PayPal,processing,7889101884
